id,term,part_of_speech,definition,pronunciation,synonyms,example,topic,subtopic,category,source_url
IELTS-VOCAB-0001,ad,noun,An informal abbreviation for an advertisement.,,"advertisement, advert, commercial",The non-profit charity placed an informative print ad in the national newspaper to solicit famine relief donations.,Advertising,Forms of the word: Advertisement,Detailed Lists for Word Power,https://ieltsliz.com/advertising-vocabulary-and-pronunciation/
IELTS-VOCAB-0002,advert,noun,"A public announcement or advertisement promoting a product, service, or event.",,"advertisement, ad, commercial",Placing an eye-catching advert in a high-circulation periodical remains an effective regional promotion strategy.,Advertising,Forms of the word: Advertisement,Detailed Lists for Word Power,https://ieltsliz.com/advertising-vocabulary-and-pronunciation/
IELTS-VOCAB-0003,advertise,verb,To describe or draw attention to a product or service in a public medium to promote sales.,,"promote, publicize, market",Multinational enterprises invest billions annually to advertise their consumer offerings across digital video platforms.,Advertising,Forms of the word: Advertisement,Detailed Lists for Word Power,https://ieltsliz.com/advertising-vocabulary-and-pronunciation/
IELTS-VOCAB-0004,advertisement,noun,"A notice or announcement in a public medium promoting a product, service, or event.",there are two different pronunciation – UK and USA,"commercial, public notice, promotion",The prime-time television advertisement was watched by over fifteen million international sports viewers.,Advertising,Forms of the word: Advertisement,Detailed Lists for Word Power,https://ieltsliz.com/advertising-vocabulary-and-pronunciation/
IELTS-VOCAB-0005,advertising,noun,The activity or profession of producing advertisements for commercial products.,,"commercial promotion, marketing",Rigorous truth-in-lending legislation protects vulnerable consumers from deceptive financial advertising.,Advertising,Forms of the word: Advertisement,Detailed Lists for Word Power,https://ieltsliz.com/advertising-vocabulary-and-pronunciation/
IELTS-VOCAB-0006,catchy tune,noun phrase,"A memorable, melodic musical hook that is easily remembered.",,"jingle, memorable melody",Commercial radio jingles rely on a catchy tune to ensure immediate brand recall among commuting motorists.,Advertising,Practice Exercises with Advertising Vocabulary,Detailed Lists for Word Power,https://ieltsliz.com/advertising-vocabulary-and-pronunciation/
IELTS-VOCAB-0007,cold call,noun phrase,An unexpected phone call or visit to a potential customer without prior contact.,,"unsolicited sales call, telemarketing",Consumer protection laws restrict telemarketers from making an unsolicited cold call to private residential phone numbers.,Advertising,Practice Exercises with Advertising Vocabulary,Detailed Lists for Word Power,https://ieltsliz.com/advertising-vocabulary-and-pronunciation/
IELTS-VOCAB-0008,covert advertising,noun,Undercover or hidden promotion of products within media without explicit disclosure.,,"product placement, disguised promotion",Consumer watchdog agencies monitor covert advertising where paid product placements disguise commercial sponsorship.,Advertising,Practice Exercises with Advertising Vocabulary,Detailed Lists for Word Power,https://ieltsliz.com/advertising-vocabulary-and-pronunciation/
IELTS-VOCAB-0009,customer database,noun,An organized collection of comprehensive data about individual customers.,,"client registry, consumer records",Direct marketing agencies manage an encrypted customer database to dispatch personalized promotional offers.,Advertising,Practice Exercises with Advertising Vocabulary,Detailed Lists for Word Power,https://ieltsliz.com/advertising-vocabulary-and-pronunciation/
IELTS-VOCAB-0010,eye-catching,adjective,"Immediately appealing, noticeable, or visually striking.",,"striking, attractive, noticeable",The creative agency designed an eye-catching outdoor billboard that immediately drew the gaze of highway motorists.,Advertising,Practice Exercises with Advertising Vocabulary,Detailed Lists for Word Power,https://ieltsliz.com/advertising-vocabulary-and-pronunciation/
IELTS-VOCAB-0011,flick through a magazine,phrase,To turn the pages of a periodical quickly and casually.,,,Commuters sitting in transit lobbies often flick through a magazine to pass the waiting time pleasantly.,Advertising,Practice Exercises with Advertising Vocabulary,Detailed Lists for Word Power,https://ieltsliz.com/advertising-vocabulary-and-pronunciation/
IELTS-VOCAB-0012,glossy,adjective,"Printed on smooth, shiny paper of superior photographic quality.",,,High-end luxury fashion brands rely on premium glossy magazines to showcase seasonal designer collections.,Advertising,Practice Exercises with Advertising Vocabulary,Detailed Lists for Word Power,https://ieltsliz.com/advertising-vocabulary-and-pronunciation/
IELTS-VOCAB-0013,intrusive,adjective,Causing disruption or annoyance through being unwelcome or invasive.,,,Consumer advocacy groups object to intrusive targeted pop-up advertisements that track personal online behavior.,Advertising,Practice Exercises with Advertising Vocabulary,Detailed Lists for Word Power,https://ieltsliz.com/advertising-vocabulary-and-pronunciation/
IELTS-VOCAB-0014,invasion of privacy,noun phrase,An unjustified intrusion into the personal life or private affairs of an individual.,,,Privacy advocates argue that harvesting biometric consumer data without consent constitutes a serious invasion of privacy.,Advertising,Practice Exercises with Advertising Vocabulary,Detailed Lists for Word Power,https://ieltsliz.com/advertising-vocabulary-and-pronunciation/
IELTS-VOCAB-0015,memorable,adjective,"Easily remembered; making a lasting, noteworthy impression.",,,Creating a memorable television advertisement ensures that consumers recognize brand packaging in retail supermarkets.,Advertising,Practice Exercises with Advertising Vocabulary,Detailed Lists for Word Power,https://ieltsliz.com/advertising-vocabulary-and-pronunciation/
IELTS-VOCAB-0016,magazine,noun,"A periodical publication containing articles, stories, and commercial advertisements.",,,The weekly editorial magazine published an investigative critique exposing deceptive marketing practices.,Advertising,Practice Exercises with Advertising Vocabulary,Detailed Lists for Word Power,https://ieltsliz.com/advertising-vocabulary-and-pronunciation/
IELTS-VOCAB-0017,peak viewing time,noun phrase,The hours when television viewership is at its highest point during the day.,,,Broadcasting networks charge premium advertising rates during evening peak viewing time due to maximum audience share.,Advertising,Practice Exercises with Advertising Vocabulary,Detailed Lists for Word Power,https://ieltsliz.com/advertising-vocabulary-and-pronunciation/
IELTS-VOCAB-0018,persuasive,adjective,Good at convincing someone to do or believe something through reasoning or appeal.,,,Effective marketing copy utilizes persuasive psychological rhetoric to convince consumers of a product's utility.,Advertising,Practice Exercises with Advertising Vocabulary,Detailed Lists for Word Power,https://ieltsliz.com/advertising-vocabulary-and-pronunciation/
IELTS-VOCAB-0019,pop-ups,noun (plural),Unsolicited browser windows or advertising banners that appear suddenly on screen.,,,Many internet users install ad-blocking extensions to prevent disruptive pop-ups from obscuring web page content.,Advertising,Practice Exercises with Advertising Vocabulary,Detailed Lists for Word Power,https://ieltsliz.com/advertising-vocabulary-and-pronunciation/
IELTS-VOCAB-0020,specific interest group,noun phrase,An audience or association united by a particular specialized interest.,,,Publishers launch niche trade journals tailored directly to a specific interest group of renewable energy engineers.,Advertising,Practice Exercises with Advertising Vocabulary,Detailed Lists for Word Power,https://ieltsliz.com/advertising-vocabulary-and-pronunciation/
IELTS-VOCAB-0021,specific market,noun phrase,"A targeted, distinct group of potential buyers or geographic demographic.",,,Automotive manufacturers engineer compact electric vehicles tailored to the logistical needs of a specific market.,Advertising,Practice Exercises with Advertising Vocabulary,Detailed Lists for Word Power,https://ieltsliz.com/advertising-vocabulary-and-pronunciation/
IELTS-VOCAB-0022,subtle,adjective,"Delicate, understated, and not obvious or conspicuous.",,,Product placement in mainstream cinematic movies offers brands a subtle means of influencing consumer preferences.,Advertising,Practice Exercises with Advertising Vocabulary,Detailed Lists for Word Power,https://ieltsliz.com/advertising-vocabulary-and-pronunciation/
IELTS-VOCAB-0023,to target an audience,phrase,To direct advertising or promotional appeals toward a specific group of consumers.,,,Digital advertisers utilize predictive demographic analytics to target an audience with tailored commercial promotions.,Advertising,Practice Exercises with Advertising Vocabulary,Detailed Lists for Word Power,https://ieltsliz.com/advertising-vocabulary-and-pronunciation/
IELTS-VOCAB-0024,TV commercials,noun,A concept or technique in commercial marketing and advertising: TV commercials.,,,Contemporary marketing research evaluates how the strategic use of TV commercials influences consumer purchasing decisions.,Advertising,Practice Exercises with Advertising Vocabulary,Detailed Lists for Word Power,https://ieltsliz.com/advertising-vocabulary-and-pronunciation/
IELTS-VOCAB-0025,up-to-date,adjective,"Incorporating the latest information, trends, or developments; current.",,,E-commerce websites must maintain up-to-date inventory listings to prevent customer dissatisfaction with out-of-stock items.,Advertising,Practice Exercises with Advertising Vocabulary,Detailed Lists for Word Power,https://ieltsliz.com/advertising-vocabulary-and-pronunciation/
IELTS-VOCAB-0028,ballet,noun,A recognized discipline within the visual and performing arts: ballet.,,,Cultural historians examine how mastering an expressive artistic discipline such as ballet enriches societal aesthetic heritage.,Art vs The Arts,What's the difference between Art and The Arts?,Detailed Lists for Word Power,https://ieltsliz.com/art-or-the-arts-whats-the-difference-useful-vocabulary/
IELTS-VOCAB-0029,calligraphy,noun,A recognized discipline within the visual and performing arts: calligraphy.,,,Cultural historians examine how mastering an expressive artistic discipline such as calligraphy enriches societal aesthetic heritage.,Art vs The Arts,What's the difference between Art and The Arts?,Detailed Lists for Word Power,https://ieltsliz.com/art-or-the-arts-whats-the-difference-useful-vocabulary/
IELTS-VOCAB-0033,drama,noun,A recognized discipline within the visual and performing arts: drama.,,,Cultural historians examine how mastering an expressive artistic discipline such as drama enriches societal aesthetic heritage.,Art vs The Arts,What's the difference between Art and The Arts?,Detailed Lists for Word Power,https://ieltsliz.com/art-or-the-arts-whats-the-difference-useful-vocabulary/
IELTS-VOCAB-0034,fashion design,noun,A recognized discipline within the visual and performing arts: fashion design.,,,Cultural historians examine how mastering an expressive artistic discipline such as fashion design enriches societal aesthetic heritage.,Art vs The Arts,What's the difference between Art and The Arts?,Detailed Lists for Word Power,https://ieltsliz.com/art-or-the-arts-whats-the-difference-useful-vocabulary/
IELTS-VOCAB-0035,film making,noun,A recognized discipline within the visual and performing arts: film making.,,,Cultural historians examine how mastering an expressive artistic discipline such as film making enriches societal aesthetic heritage.,Art vs The Arts,What's the difference between Art and The Arts?,Detailed Lists for Word Power,https://ieltsliz.com/art-or-the-arts-whats-the-difference-useful-vocabulary/
IELTS-VOCAB-0039,jewellery making,noun,A recognized discipline within the visual and performing arts: jewellery making.,,,Cultural historians examine how mastering an expressive artistic discipline such as jewellery making enriches societal aesthetic heritage.,Art vs The Arts,What's the difference between Art and The Arts?,Detailed Lists for Word Power,https://ieltsliz.com/art-or-the-arts-whats-the-difference-useful-vocabulary/
IELTS-VOCAB-0040,modern mediums,noun (plural),Contemporary technologies and non-traditional materials used in artistic expression.,,,Contemporary visual artists frequently blend digital animation and interactive modern mediums into exhibition installations.,Art vs The Arts,"Visual, Literature and Performing Arts",Detailed Lists for Word Power,https://ieltsliz.com/art-or-the-arts-whats-the-difference-useful-vocabulary/
IELTS-VOCAB-0041,opera,noun,A recognized discipline within the visual and performing arts: opera.,,,Cultural historians examine how mastering an expressive artistic discipline such as opera enriches societal aesthetic heritage.,Art vs The Arts,What's the difference between Art and The Arts?,Detailed Lists for Word Power,https://ieltsliz.com/art-or-the-arts-whats-the-difference-useful-vocabulary/
IELTS-VOCAB-0043,photography,noun,A recognized discipline within the visual and performing arts: photography.,,,Cultural historians examine how mastering an expressive artistic discipline such as photography enriches societal aesthetic heritage.,Art vs The Arts,What's the difference between Art and The Arts?,Detailed Lists for Word Power,https://ieltsliz.com/art-or-the-arts-whats-the-difference-useful-vocabulary/
IELTS-VOCAB-0044,poetry,noun,A recognized discipline within the visual and performing arts: poetry.,,,Cultural historians examine how mastering an expressive artistic discipline such as poetry enriches societal aesthetic heritage.,Art vs The Arts,What's the difference between Art and The Arts?,Detailed Lists for Word Power,https://ieltsliz.com/art-or-the-arts-whats-the-difference-useful-vocabulary/
IELTS-VOCAB-0045,reading literature,phrase,The academic and cultural pursuit of engaging with written literary works of merit.,,,Literary scholars argue that reading literature enhances cognitive empathy and critical analytical faculties in young minds.,Art vs The Arts,What's the difference between Art and The Arts?,Detailed Lists for Word Power,https://ieltsliz.com/art-or-the-arts-whats-the-difference-useful-vocabulary/
IELTS-VOCAB-0047,to provoke feeling,phrase,To elicit or stimulate an emotional reaction or profound psychological response.,,,The primary ambition of avant-garde visual performance is to provoke feeling and challenge entrenched societal dogmas.,Art vs The Arts,"Visual, Literature and Performing Arts",Detailed Lists for Word Power,https://ieltsliz.com/art-or-the-arts-whats-the-difference-useful-vocabulary/
IELTS-VOCAB-0048,to stimulate visual experience,phrase,"To engage, heighten, or provoke aesthetic visual perception.",,,Gallery curators arrange minimalist lighting to stimulate visual experience and accentuate subtle canvas textures.,Art vs The Arts,"Visual, Literature and Performing Arts",Detailed Lists for Word Power,https://ieltsliz.com/art-or-the-arts-whats-the-difference-useful-vocabulary/
IELTS-VOCAB-0049,traditional mediums,noun (plural),"Conventional artistic materials including oil paints, watercolor, sculpture, and drawing.",,,"Classical portrait painters often preserve traditional mediums such as egg tempera, charcoal sketching, and oil on linen.",Art vs The Arts,"Visual, Literature and Performing Arts",Detailed Lists for Word Power,https://ieltsliz.com/art-or-the-arts-whats-the-difference-useful-vocabulary/
IELTS-VOCAB-0052,new strain,noun,A genetic variant or subtype of a microorganism.,,,Virological sequencing laboratories identified a distinct new strain that exhibited altered spike protein structures.,Coronavirus,High Level Coronavirus Vocabulary & Pronunciation,Detailed Lists for Word Power,https://ieltsliz.com/coronavirus-vocabulary-pronunciation/
IELTS-VOCAB-0053,state of emergency,noun,A government declaration enabling exceptional powers to manage a major crisis.,,,The prime minister declared a national state of emergency to mobilize civil defense resources and expedite hospital funding.,Coronavirus,High Level Coronavirus Vocabulary & Pronunciation,Detailed Lists for Word Power,https://ieltsliz.com/coronavirus-vocabulary-pronunciation/
IELTS-VOCAB-0054,acceleration phase,noun,The period in an outbreak where infection rates rise rapidly.,,,Epidemiologists tracked the acceleration phase of the epidemic to anticipate peak intensive care admissions.,Coronavirus,More Useful Vocabulary,Detailed Lists for Word Power,https://ieltsliz.com/coronavirus-vocabulary-pronunciation/
IELTS-VOCAB-0055,acute respiratory problems,noun,"Severe, sudden pulmonary conditions impairing normal breathing.",,,Patients suffering from acute respiratory problems were promptly placed on high-flow supplemental oxygen therapy.,Coronavirus,High Level Coronavirus Vocabulary & Pronunciation,Detailed Lists for Word Power,https://ieltsliz.com/coronavirus-vocabulary-pronunciation/
IELTS-VOCAB-0056,alcohol based antimicrobial hand sanitiser,noun,An alcohol-containing liquid or gel used to eliminate infectious agents on hands.,,,Public transit facilities installed dispensers of alcohol based antimicrobial hand sanitiser to curb pathogen transmission.,Coronavirus,High Level Coronavirus Vocabulary & Pronunciation,Detailed Lists for Word Power,https://ieltsliz.com/coronavirus-vocabulary-pronunciation/
IELTS-VOCAB-0057,altruism,noun,Selfless concern and compassionate action for the wellbeing of others.,,,"During severe community lockdowns, acts of collective altruism helped deliver groceries to vulnerable elderly citizens.",Coronavirus,High Level Coronavirus Vocabulary & Pronunciation,Detailed Lists for Word Power,https://ieltsliz.com/coronavirus-vocabulary-pronunciation/
IELTS-VOCAB-0058,anxiety,noun,"A feeling of intense worry, nervousness, or unease.",,,Prolonged social isolation and health uncertainty caused a documented surge in clinical anxiety among young adults.,Coronavirus,More Useful Vocabulary,Detailed Lists for Word Power,https://ieltsliz.com/coronavirus-vocabulary-pronunciation/
IELTS-VOCAB-0059,asthma,noun,A chronic respiratory condition characterized by spasms in the bronchi of the lungs.,,,Individuals with chronic asthma were advised to take extra precautions because respiratory viruses can trigger severe attacks.,Coronavirus,High Level Coronavirus Vocabulary & Pronunciation,Detailed Lists for Word Power,https://ieltsliz.com/coronavirus-vocabulary-pronunciation/
IELTS-VOCAB-0060,community spread,noun,Transmission of an illness within a community with no known exposure source.,,,Health officials instituted strict local restrictions once untraceable community spread was verified in urban districts.,Coronavirus,More Useful Vocabulary,Detailed Lists for Word Power,https://ieltsliz.com/coronavirus-vocabulary-pronunciation/
IELTS-VOCAB-0061,contact tracing,noun,The process of identifying and monitoring people who have been in contact with an infected person.,,,Public health teams deployed rapid digital contact tracing to locate and notify individuals exposed to confirmed cases.,Coronavirus,High Level Coronavirus Vocabulary & Pronunciation,Detailed Lists for Word Power,https://ieltsliz.com/coronavirus-vocabulary-pronunciation/
IELTS-VOCAB-0062,contagious,adjective,Easily spread from one person or organism to another by direct or indirect contact.,,,"Because the emerging viral variant was exceptionally contagious, hospital infection-control protocols were heightened.",Coronavirus,High Level Coronavirus Vocabulary & Pronunciation,Detailed Lists for Word Power,https://ieltsliz.com/coronavirus-vocabulary-pronunciation/
IELTS-VOCAB-0063,curfew,noun,A regulation requiring people to remain indoors between specified evening hours.,,,Municipal authorities declared an overnight curfew to deter large public gatherings and reduce nighttime social mixing.,Coronavirus,High Level Coronavirus Vocabulary & Pronunciation,Detailed Lists for Word Power,https://ieltsliz.com/coronavirus-vocabulary-pronunciation/
IELTS-VOCAB-0064,death toll,noun,"The number of deaths resulting from a particular disease, disaster, or accident.",,,Statisticians analyzed excess mortality figures to assess the true global death toll resulting from the pandemic.,Coronavirus,More Useful Vocabulary,Detailed Lists for Word Power,https://ieltsliz.com/coronavirus-vocabulary-pronunciation/
IELTS-VOCAB-0065,epicentre,noun,The central point or focus of greatest disease activity or impact.,,,International humanitarian relief teams rushed medical supplies to the metropolitan city identified as the outbreak epicentre.,Coronavirus,High Level Coronavirus Vocabulary & Pronunciation,Detailed Lists for Word Power,https://ieltsliz.com/coronavirus-vocabulary-pronunciation/
IELTS-VOCAB-0066,face mask,noun,A protective covering worn over the nose and mouth to prevent viral transmission.,,,Wearing a multi-layered face mask in crowded indoor venues remains an effective method for reducing droplet dissemination.,Coronavirus,More Useful Vocabulary,Detailed Lists for Word Power,https://ieltsliz.com/coronavirus-vocabulary-pronunciation/
IELTS-VOCAB-0067,fomites,noun (plural),Inanimate objects or materials that are capable of transmitting infectious agents.,,,Hygienists emphasized routine surface sanitation because porous fomites can occasionally harbor infectious viral particles.,Coronavirus,High Level Coronavirus Vocabulary & Pronunciation,Detailed Lists for Word Power,https://ieltsliz.com/coronavirus-vocabulary-pronunciation/
IELTS-VOCAB-0068,herd immunity,noun,Resistance to the spread of an infectious disease within a population due to high immunity levels.,,,Immunologists calculated that vaccinating eighty percent of the general population was necessary to establish robust herd immunity.,Coronavirus,High Level Coronavirus Vocabulary & Pronunciation,Detailed Lists for Word Power,https://ieltsliz.com/coronavirus-vocabulary-pronunciation/
IELTS-VOCAB-0069,incubation period,noun,The period between exposure to an infection and the appearance of the first symptoms.,,,The novel virus exhibited an estimated incubation period of five to seven days before symptoms became clinically noticeable.,Coronavirus,High Level Coronavirus Vocabulary & Pronunciation,Detailed Lists for Word Power,https://ieltsliz.com/coronavirus-vocabulary-pronunciation/
IELTS-VOCAB-0070,large gatherings,noun (plural),Substantial assemblies of people in a single venue.,,,Public health guidelines strictly prohibited indoor large gatherings to minimize super-spreader events during the surge.,Coronavirus,More Useful Vocabulary,Detailed Lists for Word Power,https://ieltsliz.com/coronavirus-vocabulary-pronunciation/
IELTS-VOCAB-0071,lockdown,noun,An emergency protocol restricting movement and social mixing to contain disease spread.,,,The nationwide statutory lockdown successfully curbed viral transmission rates and alleviated strain on hospital intensive care units.,Coronavirus,More Useful Vocabulary,Detailed Lists for Word Power,https://ieltsliz.com/coronavirus-vocabulary-pronunciation/
IELTS-VOCAB-0072,misinformation,noun,"False, inaccurate, or misleading information spread regardless of intent to deceive.",,,Health agencies waged public awareness campaigns to debunk hazardous medical misinformation proliferating across social media.,Coronavirus,High Level Coronavirus Vocabulary & Pronunciation,Detailed Lists for Word Power,https://ieltsliz.com/coronavirus-vocabulary-pronunciation/
IELTS-VOCAB-0073,pandemic,noun,An outbreak of a disease prevalent over a whole country or the entire world.,,,The World Health Organization declared a global pandemic as the infectious contagion spread rapidly across multiple continents.,Coronavirus,High Level Coronavirus Vocabulary & Pronunciation,Detailed Lists for Word Power,https://ieltsliz.com/coronavirus-vocabulary-pronunciation/
IELTS-VOCAB-0074,patient zero,noun,The person identified as the first carrier of a communicable disease in an outbreak.,,,Epidemiological geneticists conducted extensive retrospective testing to trace patient zero of the initial regional outbreak cluster.,Coronavirus,High Level Coronavirus Vocabulary & Pronunciation,Detailed Lists for Word Power,https://ieltsliz.com/coronavirus-vocabulary-pronunciation/
IELTS-VOCAB-0075,persistent cough,noun,"A continuous, prolonged cough lasting several days or weeks.",,,Diagnostic criteria advised anyone exhibiting a high fever and a persistent cough to undergo immediate viral testing.,Coronavirus,High Level Coronavirus Vocabulary & Pronunciation,Detailed Lists for Word Power,https://ieltsliz.com/coronavirus-vocabulary-pronunciation/
IELTS-VOCAB-0076,physical distancing,noun,The practice of keeping a designated physical distance from others to prevent contagion.,,,Supermarkets marked queue lines two meters apart to encourage patrons to maintain rigorous physical distancing.,Coronavirus,More Useful Vocabulary,Detailed Lists for Word Power,https://ieltsliz.com/coronavirus-vocabulary-pronunciation/
IELTS-VOCAB-0077,pneumonia,noun,Lung inflammation caused by bacterial or viral infection in which air sacs fill with fluid.,,,Severe complications from the pulmonary infection can progress to bilateral pneumonia requiring mechanical ventilation.,Coronavirus,High Level Coronavirus Vocabulary & Pronunciation,Detailed Lists for Word Power,https://ieltsliz.com/coronavirus-vocabulary-pronunciation/
IELTS-VOCAB-0078,precautionary measures,noun (plural),Preventative actions taken in advance to prevent harm or disease transmission.,,,Workplaces instituted rigorous precautionary measures including daily temperature screenings and mandatory hand sanitization.,Coronavirus,High Level Coronavirus Vocabulary & Pronunciation,Detailed Lists for Word Power,https://ieltsliz.com/coronavirus-vocabulary-pronunciation/
IELTS-VOCAB-0079,precautions,noun (plural),"Measures taken in advance to prevent something dangerous, unpleasant, or inconvenient.",,,Sensible hygiene precautions such as frequent handwashing remain fundamental in preventing viral contamination.,Coronavirus,More Useful Vocabulary,Detailed Lists for Word Power,https://ieltsliz.com/coronavirus-vocabulary-pronunciation/
IELTS-VOCAB-0080,protective clothing,noun,Apparel specifically designed to shield wearers from infectious or hazardous biological substances.,,,Healthcare workers donned sterile protective clothing before entering high-risk biocontainment isolation wards.,Coronavirus,More Useful Vocabulary,Detailed Lists for Word Power,https://ieltsliz.com/coronavirus-vocabulary-pronunciation/
IELTS-VOCAB-0081,quarantine,noun,A state of enforced isolation to prevent the spread of infectious disease.,,,Overseas travelers arriving at international airports were placed in supervised hotel quarantine for a statutory duration.,Coronavirus,High Level Coronavirus Vocabulary & Pronunciation,Detailed Lists for Word Power,https://ieltsliz.com/coronavirus-vocabulary-pronunciation/
IELTS-VOCAB-0082,respiratory droplets,noun (plural),"Tiny moisture droplets expelled during breathing, speaking, coughing, or sneezing.",,,Covering one's mouth when coughing prevents the expulsion of microscopic respiratory droplets into shared ambient air.,Coronavirus,High Level Coronavirus Vocabulary & Pronunciation,Detailed Lists for Word Power,https://ieltsliz.com/coronavirus-vocabulary-pronunciation/
IELTS-VOCAB-0083,respiratory problems,noun (plural),Medical disorders affecting the organs and tissues involved in breathing.,,,Patients reporting sudden respiratory problems were prioritized for triage assessment and diagnostic imaging.,Coronavirus,High Level Coronavirus Vocabulary & Pronunciation,Detailed Lists for Word Power,https://ieltsliz.com/coronavirus-vocabulary-pronunciation/
IELTS-VOCAB-0084,severity,noun,"The intensity, seriousness, or harshness of an illness or condition.",,,Physicians evaluate oxygen saturation levels to gauge the clinical severity of acute respiratory tract infections.,Coronavirus,More Useful Vocabulary,Detailed Lists for Word Power,https://ieltsliz.com/coronavirus-vocabulary-pronunciation/
IELTS-VOCAB-0085,social distancing,noun,Maintaining physical space between individuals to reduce the spread of contagious illness.,,,Implementing community social distancing helped slow down viral transmission before comprehensive vaccines were approved.,Coronavirus,More Useful Vocabulary,Detailed Lists for Word Power,https://ieltsliz.com/coronavirus-vocabulary-pronunciation/
IELTS-VOCAB-0086,stockpiling,noun,"The accumulation of a large supply of goods for future use, often during crises.",,,Panic buying at commercial grocery chains led to widespread stockpiling of non-perishable canned food and paper goods.,Coronavirus,High Level Coronavirus Vocabulary & Pronunciation,Detailed Lists for Word Power,https://ieltsliz.com/coronavirus-vocabulary-pronunciation/
IELTS-VOCAB-0087,stringent,adjective,"Strict, precise, and rigorously binding in execution.",,,Civil aviation regulators enforced stringent health protocols to ensure sanitized passenger cabin air exchanges.,Coronavirus,High Level Coronavirus Vocabulary & Pronunciation,Detailed Lists for Word Power,https://ieltsliz.com/coronavirus-vocabulary-pronunciation/
IELTS-VOCAB-0088,super-spreader,noun,An individual or event that transmits an infectious disease to an unexpectedly large number of people.,,,An infected attendee at the crowded indoor concert triggered a super-spreader event resulting in dozens of downstream cases.,Coronavirus,High Level Coronavirus Vocabulary & Pronunciation,Detailed Lists for Word Power,https://ieltsliz.com/coronavirus-vocabulary-pronunciation/
IELTS-VOCAB-0089,surface transmission,noun,The spread of pathogens through contact with contaminated objects or touchpoints.,,,Laboratory experiments demonstrated that the probability of surface transmission could be drastically minimized by detergent cleaning.,Coronavirus,High Level Coronavirus Vocabulary & Pronunciation,Detailed Lists for Word Power,https://ieltsliz.com/coronavirus-vocabulary-pronunciation/
IELTS-VOCAB-0090,symptoms,noun (plural),Physical or mental features indicating a condition of disease.,,,"Common viral symptoms include sudden fever, physical exhaustion, loss of taste, and a dry irritated cough.",Coronavirus,More Useful Vocabulary,Detailed Lists for Word Power,https://ieltsliz.com/coronavirus-vocabulary-pronunciation/
IELTS-VOCAB-0091,to be hospitalised,phrase,To be admitted to a hospital for specialized medical treatment.,,,Elderly individuals with severe pulmonary complications were substantially more likely to be hospitalised for intensive care.,Coronavirus,More Useful Vocabulary,Detailed Lists for Word Power,https://ieltsliz.com/coronavirus-vocabulary-pronunciation/
IELTS-VOCAB-0092,to catch a disease,phrase,To become infected with an illness or pathogen.,,,Diligent adherence to basic hand hygiene reduces an individual's statistical susceptibility to catch a disease in public.,Coronavirus,More Useful Vocabulary,Detailed Lists for Word Power,https://ieltsliz.com/coronavirus-vocabulary-pronunciation/
IELTS-VOCAB-0093,to contain an outbreak,phrase,To prevent an infectious disease cluster from spreading to a wider population.,,,Epidemiological contact tracers worked diligently around the clock to contain an outbreak before community spread multiplied.,Coronavirus,High Level Coronavirus Vocabulary & Pronunciation,Detailed Lists for Word Power,https://ieltsliz.com/coronavirus-vocabulary-pronunciation/
IELTS-VOCAB-0094,to contaminate,phrase,"To make something impure, infected, or toxic by exposure to harmful substances.",,,Improper disposal of hazardous clinical bio-waste threatens to contaminate surrounding community water systems.,Coronavirus,High Level Coronavirus Vocabulary & Pronunciation,Detailed Lists for Word Power,https://ieltsliz.com/coronavirus-vocabulary-pronunciation/
IELTS-VOCAB-0095,to disinfect,phrase,To clean something with chemical agents to destroy bacteria and viruses.,,,Hospital housekeeping crews use high-grade chemical detergents to disinfect high-touch medical equipment daily.,Coronavirus,More Useful Vocabulary,Detailed Lists for Word Power,https://ieltsliz.com/coronavirus-vocabulary-pronunciation/
IELTS-VOCAB-0096,to ramp up,phrase,To substantially increase the production rate or capacity of an operation.,,,Global pharmaceutical alliances collaborated to ramp up mass manufacturing of novel messenger RNA vaccines.,Coronavirus,High Level Coronavirus Vocabulary & Pronunciation,Detailed Lists for Word Power,https://ieltsliz.com/coronavirus-vocabulary-pronunciation/
IELTS-VOCAB-0097,to self-isolate,phrase,To voluntarily isolate oneself at home when infected to avoid transmitting disease.,,,Citizens who tested positive for the virus were instructed to self-isolate at home until their contagiousness resolved.,Coronavirus,More Useful Vocabulary,Detailed Lists for Word Power,https://ieltsliz.com/coronavirus-vocabulary-pronunciation/
IELTS-VOCAB-0098,transmission rate,noun,The speed or frequency at which an infectious disease spreads through a population.,,,Introducing mandatory indoor mask requirements led to a demonstrable drop in the regional community transmission rate.,Coronavirus,High Level Coronavirus Vocabulary & Pronunciation,Detailed Lists for Word Power,https://ieltsliz.com/coronavirus-vocabulary-pronunciation/
IELTS-VOCAB-0099,utmost,adjective / noun,Most extreme; greatest; of the highest degree.,,,Emergency room medical staff treated incoming respiratory failure cases with the utmost professional diligence.,Coronavirus,More Useful Vocabulary,Detailed Lists for Word Power,https://ieltsliz.com/coronavirus-vocabulary-pronunciation/
IELTS-VOCAB-0100,vaccine,noun,A biological preparation providing active acquired immunity against an infectious disease.,,,Widespread distribution of an efficacious vaccine represents the most durable long-term defense against epidemic pathogens.,Coronavirus,High Level Coronavirus Vocabulary & Pronunciation,Detailed Lists for Word Power,https://ieltsliz.com/coronavirus-vocabulary-pronunciation/
IELTS-VOCAB-0101,ventilators,noun (plural),Medical devices designed to deliver breathable air into the lungs of patients unable to breathe.,,,Biomedical engineering companies surged production of mechanical ventilators to assist critically ill patients in intensive care.,Coronavirus,High Level Coronavirus Vocabulary & Pronunciation,Detailed Lists for Word Power,https://ieltsliz.com/coronavirus-vocabulary-pronunciation/
IELTS-VOCAB-0102,vigorous action,noun phrase,"Decisive, forceful, and energetic measures implemented to solve a crisis.",,,Public health leaders argued that vigorous action taken early during an epidemic saves thousands of lives.,Coronavirus,High Level Coronavirus Vocabulary & Pronunciation,Detailed Lists for Word Power,https://ieltsliz.com/coronavirus-vocabulary-pronunciation/
IELTS-VOCAB-0103,vulnerable person,noun phrase,An individual at elevated risk of severe illness or harm due to age or preexisting health conditions.,,,Community outreach charities delivered grocery hampers directly to every vulnerable person sheltering alone at home.,Coronavirus,High Level Coronavirus Vocabulary & Pronunciation,Detailed Lists for Word Power,https://ieltsliz.com/coronavirus-vocabulary-pronunciation/
IELTS-VOCAB-0104,wheezing,noun,A high-pitched whistling sound during breathing caused by narrowed airways.,,,"Clinical auscultation detected severe lung wheezing, signaling bronchial airway constriction in the infected patient.",Coronavirus,High Level Coronavirus Vocabulary & Pronunciation,Detailed Lists for Word Power,https://ieltsliz.com/coronavirus-vocabulary-pronunciation/
IELTS-VOCAB-0105,zoonotic,adjective,Relating to a disease that can be transmitted from animals to humans.,,,Virological surveillance indicates that many emerging infectious diseases originate as zoonotic transmissions from animal hosts.,Coronavirus,High Level Coronavirus Vocabulary & Pronunciation,Detailed Lists for Word Power,https://ieltsliz.com/coronavirus-vocabulary-pronunciation/
IELTS-VOCAB-0106,fine,noun,A judicial penalty or correctional sanction: fine.,,,The magistrate determined that imposing a fine was the most proportionate legal sanction for the convicted offender.,Crime & Punishment,Minor Crimes / Offences,Detailed Lists for Word Power,https://ieltsliz.com/crime-and-punishment-vocabulary/
IELTS-VOCAB-0107,harsh punishment,noun,A judicial penalty or correctional sanction: harsh punishment.,,,The magistrate determined that imposing a harsh punishment was the most proportionate legal sanction for the convicted offender.,Crime & Punishment,Other Types of Punishment,Detailed Lists for Word Power,https://ieltsliz.com/crime-and-punishment-vocabulary/
IELTS-VOCAB-0108,prison sentence,noun,A judicial penalty or correctional sanction: prison sentence.,,,The magistrate determined that imposing a prison sentence was the most proportionate legal sanction for the convicted offender.,Crime & Punishment,Minor Crimes / Offences,Detailed Lists for Word Power,https://ieltsliz.com/crime-and-punishment-vocabulary/
IELTS-VOCAB-0109,suspended sentence,noun,A judicial penalty or correctional sanction: suspended sentence.,,,The magistrate determined that imposing a suspended sentence was the most proportionate legal sanction for the convicted offender.,Crime & Punishment,Minor Crimes / Offences,Detailed Lists for Word Power,https://ieltsliz.com/crime-and-punishment-vocabulary/
IELTS-VOCAB-0110,abduction,noun,An illegal act or statutory offense: abduction.,,"kidnapping, seizure, snatching",Criminologists investigate whether proactive community policing and targeted social intervention can effectively deter abduction.,Crime & Punishment,Major Crimes,Detailed Lists for Word Power,https://ieltsliz.com/crime-and-punishment-vocabulary/
IELTS-VOCAB-0111,armed police,noun (plural),Police personnel equipped with firearms for specialized defensive operations.,,,"During high-risk armed sieges, specialized armed police are deployed to neutralize violent threats safely.",Crime & Punishment,Other Useful Crime & Punishment Vocabulary,Detailed Lists for Word Power,https://ieltsliz.com/crime-and-punishment-vocabulary/
IELTS-VOCAB-0112,arson,noun,An illegal act or statutory offense: arson.,,"incendiarism, malicious fire-raising",Criminologists investigate whether proactive community policing and targeted social intervention can effectively deter arson.,Crime & Punishment,Major Crimes,Detailed Lists for Word Power,https://ieltsliz.com/crime-and-punishment-vocabulary/
IELTS-VOCAB-0113,assault,noun,An illegal act or statutory offense: assault.,,,Criminologists investigate whether proactive community policing and targeted social intervention can effectively deter assault.,Crime & Punishment,Major Crimes,Detailed Lists for Word Power,https://ieltsliz.com/crime-and-punishment-vocabulary/
IELTS-VOCAB-0114,burglary,noun,An illegal act or statutory offense: burglary.,,"break-in, housebreaking, unlawful entry",Criminologists investigate whether proactive community policing and targeted social intervention can effectively deter burglary.,Crime & Punishment,Major Crimes,Detailed Lists for Word Power,https://ieltsliz.com/crime-and-punishment-vocabulary/
IELTS-VOCAB-0115,child abuse,noun,An illegal act or statutory offense: child abuse.,,,Criminologists investigate whether proactive community policing and targeted social intervention can effectively deter child abuse.,Crime & Punishment,Major Crimes,Detailed Lists for Word Power,https://ieltsliz.com/crime-and-punishment-vocabulary/
IELTS-VOCAB-0116,circumstances of the crime,noun,A core legal doctrine or evidentiary standard: circumstances of the crime.,,,"In a court of law, legal counsel must rigorously evaluate every piece of circumstances of the crime before reaching a definitive conclusion.",Crime & Punishment,Other Types of Punishment,Detailed Lists for Word Power,https://ieltsliz.com/crime-and-punishment-vocabulary/
IELTS-VOCAB-0117,circumstantial,adjective,Pointing indirectly toward someone's guilt without providing direct observation.,,,The defense attorney argued that the prosecution's case was largely circumstantial and lacked eyewitness proof.,Crime & Punishment,Other Useful Crime & Punishment Vocabulary,Detailed Lists for Word Power,https://ieltsliz.com/crime-and-punishment-vocabulary/
IELTS-VOCAB-0118,circumstantial evidence,noun,A core legal doctrine or evidentiary standard: circumstantial evidence.,,,"In a court of law, legal counsel must rigorously evaluate every piece of circumstantial evidence before reaching a definitive conclusion.",Crime & Punishment,Other Types of Punishment,Detailed Lists for Word Power,https://ieltsliz.com/crime-and-punishment-vocabulary/
IELTS-VOCAB-0119,verdict,noun,A core legal doctrine or evidentiary standard: verdict.,,,"In a court of law, legal counsel must rigorously evaluate every piece of verdict before reaching a definitive conclusion.",Crime & Punishment,Other Types of Punishment,Detailed Lists for Word Power,https://ieltsliz.com/crime-and-punishment-vocabulary/
IELTS-VOCAB-0120,corporal punishment,noun,A judicial penalty or correctional sanction: corporal punishment.,,,The magistrate determined that imposing a corporal punishment was the most proportionate legal sanction for the convicted offender.,Crime & Punishment,Other Useful Crime & Punishment Vocabulary,Detailed Lists for Word Power,https://ieltsliz.com/crime-and-punishment-vocabulary/
IELTS-VOCAB-0122,court,noun,An official authority or participant in judicial proceedings: court.,,,"During formal criminal proceedings, the testimony and impartiality of the court are vital for ensuring a fair trial.",Crime & Punishment,Other Types of Punishment,Detailed Lists for Word Power,https://ieltsliz.com/crime-and-punishment-vocabulary/
IELTS-VOCAB-0123,crime,noun,An illegal act or statutory offense: crime.,,,Criminologists investigate whether proactive community policing and targeted social intervention can effectively deter crime.,Crime & Punishment,Minor Crimes / Offences,Detailed Lists for Word Power,https://ieltsliz.com/crime-and-punishment-vocabulary/
IELTS-VOCAB-0124,crime is prevalent,noun,A behavioral or societal factor examined in criminology: crime is prevalent.,,,Sociological research indicates that adolescents exposed to persistent crime is prevalent face a significantly heightened risk of offending.,Crime & Punishment,Other Useful Crime & Punishment Vocabulary,Detailed Lists for Word Power,https://ieltsliz.com/crime-and-punishment-vocabulary/
IELTS-VOCAB-0125,death penalty,noun,A judicial penalty or correctional sanction: death penalty.,,,The magistrate determined that imposing a death penalty was the most proportionate legal sanction for the convicted offender.,Crime & Punishment,Other Useful Crime & Punishment Vocabulary,Detailed Lists for Word Power,https://ieltsliz.com/crime-and-punishment-vocabulary/
IELTS-VOCAB-0126,defendant,noun,An official authority or participant in judicial proceedings: defendant.,,,"During formal criminal proceedings, the testimony and impartiality of the defendant are vital for ensuring a fair trial.",Crime & Punishment,Other Types of Punishment,Detailed Lists for Word Power,https://ieltsliz.com/crime-and-punishment-vocabulary/
IELTS-VOCAB-0127,defense,noun,An official authority or participant in judicial proceedings: defense.,,,"During formal criminal proceedings, the testimony and impartiality of the defense are vital for ensuring a fair trial.",Crime & Punishment,Other Types of Punishment,Detailed Lists for Word Power,https://ieltsliz.com/crime-and-punishment-vocabulary/
IELTS-VOCAB-0128,detention,noun,A judicial penalty or correctional sanction: detention.,,,The magistrate determined that imposing a detention was the most proportionate legal sanction for the convicted offender.,Crime & Punishment,Other Types of Punishment,Detailed Lists for Word Power,https://ieltsliz.com/crime-and-punishment-vocabulary/
IELTS-VOCAB-0129,diminished responsibility,noun,A core legal doctrine or evidentiary standard: diminished responsibility.,,,"In a court of law, legal counsel must rigorously evaluate every piece of diminished responsibility before reaching a definitive conclusion.",Crime & Punishment,Other Useful Crime & Punishment Vocabulary,Detailed Lists for Word Power,https://ieltsliz.com/crime-and-punishment-vocabulary/
IELTS-VOCAB-0130,discrimination,noun,A behavioral or societal factor examined in criminology: discrimination.,,,Sociological research indicates that adolescents exposed to persistent discrimination face a significantly heightened risk of offending.,Crime & Punishment,Other Useful Crime & Punishment Vocabulary,Detailed Lists for Word Power,https://ieltsliz.com/crime-and-punishment-vocabulary/
IELTS-VOCAB-0131,drug trafficking,noun,An illegal act or statutory offense: drug trafficking.,,,Criminologists investigate whether proactive community policing and targeted social intervention can effectively deter drug trafficking.,Crime & Punishment,Major Crimes,Detailed Lists for Word Power,https://ieltsliz.com/crime-and-punishment-vocabulary/
IELTS-VOCAB-0132,evidence,noun,A core legal doctrine or evidentiary standard: evidence.,,,"In a court of law, legal counsel must rigorously evaluate every piece of evidence before reaching a definitive conclusion.",Crime & Punishment,Other Types of Punishment,Detailed Lists for Word Power,https://ieltsliz.com/crime-and-punishment-vocabulary/
IELTS-VOCAB-0133,role model,noun,A behavioral or societal factor examined in criminology: role model.,,,Sociological research indicates that adolescents exposed to persistent role model face a significantly heightened risk of offending.,Crime & Punishment,Other Useful Crime & Punishment Vocabulary,Detailed Lists for Word Power,https://ieltsliz.com/crime-and-punishment-vocabulary/
IELTS-VOCAB-0134,extenuating circumstances,noun,A core legal doctrine or evidentiary standard: extenuating circumstances.,,,"In a court of law, legal counsel must rigorously evaluate every piece of extenuating circumstances before reaching a definitive conclusion.",Crime & Punishment,Other Types of Punishment,Detailed Lists for Word Power,https://ieltsliz.com/crime-and-punishment-vocabulary/
IELTS-VOCAB-0135,false imprisonment,noun,A judicial penalty or correctional sanction: false imprisonment.,,,The magistrate determined that imposing a false imprisonment was the most proportionate legal sanction for the convicted offender.,Crime & Punishment,Major Crimes,Detailed Lists for Word Power,https://ieltsliz.com/crime-and-punishment-vocabulary/
IELTS-VOCAB-0136,forfeiture,noun,A judicial penalty or correctional sanction: forfeiture.,,,The magistrate determined that imposing a forfeiture was the most proportionate legal sanction for the convicted offender.,Crime & Punishment,Minor Crimes / Offences,Detailed Lists for Word Power,https://ieltsliz.com/crime-and-punishment-vocabulary/
IELTS-VOCAB-0137,fraud,noun,An illegal act or statutory offense: fraud.,,,Criminologists investigate whether proactive community policing and targeted social intervention can effectively deter fraud.,Crime & Punishment,Major Crimes,Detailed Lists for Word Power,https://ieltsliz.com/crime-and-punishment-vocabulary/
IELTS-VOCAB-0138,grounding,noun,A behavioral or societal factor examined in criminology: grounding.,,,Sociological research indicates that adolescents exposed to persistent grounding face a significantly heightened risk of offending.,Crime & Punishment,Other Types of Punishment,Detailed Lists for Word Power,https://ieltsliz.com/crime-and-punishment-vocabulary/
IELTS-VOCAB-0139,guilty,adjective,Culpable of or responsible for a specified offense or wrongdoing.,,,The jury returned a unanimous verdict finding the accused corporation guilty of environmental contamination.,Crime & Punishment,Other Types of Punishment,Detailed Lists for Word Power,https://ieltsliz.com/crime-and-punishment-vocabulary/
IELTS-VOCAB-0140,hacking,noun,An illegal act or statutory offense: hacking.,,,Criminologists investigate whether proactive community policing and targeted social intervention can effectively deter hacking.,Crime & Punishment,Major Crimes,Detailed Lists for Word Power,https://ieltsliz.com/crime-and-punishment-vocabulary/
IELTS-VOCAB-0141,hearsay,noun,A core legal doctrine or evidentiary standard: hearsay.,,,"In a court of law, legal counsel must rigorously evaluate every piece of hearsay before reaching a definitive conclusion.",Crime & Punishment,Other Types of Punishment,Detailed Lists for Word Power,https://ieltsliz.com/crime-and-punishment-vocabulary/
IELTS-VOCAB-0142,hijacking,noun,An illegal act or statutory offense: hijacking.,,,Criminologists investigate whether proactive community policing and targeted social intervention can effectively deter hijacking.,Crime & Punishment,Major Crimes,Detailed Lists for Word Power,https://ieltsliz.com/crime-and-punishment-vocabulary/
IELTS-VOCAB-0144,hospital order,noun,A judicial penalty or correctional sanction: hospital order.,,,The magistrate determined that imposing a hospital order was the most proportionate legal sanction for the convicted offender.,Crime & Punishment,Minor Crimes / Offences,Detailed Lists for Word Power,https://ieltsliz.com/crime-and-punishment-vocabulary/
IELTS-VOCAB-0145,house arrest,noun,A judicial penalty or correctional sanction: house arrest.,,,The magistrate determined that imposing a house arrest was the most proportionate legal sanction for the convicted offender.,Crime & Punishment,Minor Crimes / Offences,Detailed Lists for Word Power,https://ieltsliz.com/crime-and-punishment-vocabulary/
IELTS-VOCAB-0146,human trafficking,noun,An illegal act or statutory offense: human trafficking.,,,Criminologists investigate whether proactive community policing and targeted social intervention can effectively deter human trafficking.,Crime & Punishment,Major Crimes,Detailed Lists for Word Power,https://ieltsliz.com/crime-and-punishment-vocabulary/
IELTS-VOCAB-0147,innocent,adjective,"Free from legal guilt, culpability, or criminal wrongdoing.",,,"Under constitutional law, an accused individual is presumed innocent until proven guilty beyond reasonable doubt.",Crime & Punishment,Other Types of Punishment,Detailed Lists for Word Power,https://ieltsliz.com/crime-and-punishment-vocabulary/
IELTS-VOCAB-0148,isolation,noun,A behavioral or societal factor examined in criminology: isolation.,,,Sociological research indicates that adolescents exposed to persistent isolation face a significantly heightened risk of offending.,Crime & Punishment,Other Types of Punishment,Detailed Lists for Word Power,https://ieltsliz.com/crime-and-punishment-vocabulary/
IELTS-VOCAB-0149,judge,noun,An official authority or participant in judicial proceedings: judge.,,,"During formal criminal proceedings, the testimony and impartiality of the judge are vital for ensuring a fair trial.",Crime & Punishment,Other Types of Punishment,Detailed Lists for Word Power,https://ieltsliz.com/crime-and-punishment-vocabulary/
IELTS-VOCAB-0150,jury,noun,An official authority or participant in judicial proceedings: jury.,,,"During formal criminal proceedings, the testimony and impartiality of the jury are vital for ensuring a fair trial.",Crime & Punishment,Other Types of Punishment,Detailed Lists for Word Power,https://ieltsliz.com/crime-and-punishment-vocabulary/
IELTS-VOCAB-0151,justice,noun,A core legal doctrine or evidentiary standard: justice.,,,"In a court of law, legal counsel must rigorously evaluate every piece of justice before reaching a definitive conclusion.",Crime & Punishment,Other Types of Punishment,Detailed Lists for Word Power,https://ieltsliz.com/crime-and-punishment-vocabulary/
IELTS-VOCAB-0153,juvenile delinquents,noun (plural),Young individuals under legal adulthood who commit criminal offenses.,,,Community outreach initiatives help divert vulnerable juvenile delinquents toward constructive educational pathways.,Crime & Punishment,Other Useful Crime & Punishment Vocabulary,Detailed Lists for Word Power,https://ieltsliz.com/crime-and-punishment-vocabulary/
IELTS-VOCAB-0154,life,noun,A judicial sentence of imprisonment lasting for the rest of a convict's natural life.,,,"Under severe penal codes, committing aggravated murder carries a mandatory sentence of life imprisonment without parole.",Crime & Punishment,Other Useful Crime & Punishment Vocabulary,Detailed Lists for Word Power,https://ieltsliz.com/crime-and-punishment-vocabulary/
IELTS-VOCAB-0155,maximum sentence,noun,A judicial penalty or correctional sanction: maximum sentence.,,,The magistrate determined that imposing a maximum sentence was the most proportionate legal sanction for the convicted offender.,Crime & Punishment,Other Types of Punishment,Detailed Lists for Word Power,https://ieltsliz.com/crime-and-punishment-vocabulary/
IELTS-VOCAB-0156,mimicking violent behaviour,noun,A behavioral or societal factor examined in criminology: mimicking violent behaviour.,,,Sociological research indicates that adolescents exposed to persistent mimicking violent behaviour face a significantly heightened risk of offending.,Crime & Punishment,Other Useful Crime & Punishment Vocabulary,Detailed Lists for Word Power,https://ieltsliz.com/crime-and-punishment-vocabulary/
IELTS-VOCAB-0157,minor offense,noun,An illegal act or statutory offense: minor offense.,,,Criminologists investigate whether proactive community policing and targeted social intervention can effectively deter minor offense.,Crime & Punishment,Other Useful Crime & Punishment Vocabulary,Detailed Lists for Word Power,https://ieltsliz.com/crime-and-punishment-vocabulary/
IELTS-VOCAB-0158,murder,noun,An illegal act or statutory offense: murder.,,,Criminologists investigate whether proactive community policing and targeted social intervention can effectively deter murder.,Crime & Punishment,Major Crimes,Detailed Lists for Word Power,https://ieltsliz.com/crime-and-punishment-vocabulary/
IELTS-VOCAB-0159,non-custodial sentence,noun,A judicial penalty or correctional sanction: non-custodial sentence.,,,The magistrate determined that imposing a non-custodial sentence was the most proportionate legal sanction for the convicted offender.,Crime & Punishment,Minor Crimes / Offences,Detailed Lists for Word Power,https://ieltsliz.com/crime-and-punishment-vocabulary/
IELTS-VOCAB-0160,organised crime,noun,An illegal act or statutory offense: organised crime.,,,Criminologists investigate whether proactive community policing and targeted social intervention can effectively deter organised crime.,Crime & Punishment,Major Crimes,Detailed Lists for Word Power,https://ieltsliz.com/crime-and-punishment-vocabulary/
IELTS-VOCAB-0161,peer pressure,noun,A behavioral or societal factor examined in criminology: peer pressure.,,,Sociological research indicates that adolescents exposed to persistent peer pressure face a significantly heightened risk of offending.,Crime & Punishment,Other Useful Crime & Punishment Vocabulary,Detailed Lists for Word Power,https://ieltsliz.com/crime-and-punishment-vocabulary/
IELTS-VOCAB-0162,pick pocketing,noun,An illegal act or statutory offense: pick pocketing.,,,Criminologists investigate whether proactive community policing and targeted social intervention can effectively deter pick pocketing.,Crime & Punishment,Minor Crimes / Offences,Detailed Lists for Word Power,https://ieltsliz.com/crime-and-punishment-vocabulary/
IELTS-VOCAB-0163,premeditated,adjective,"Planned, thought out, or deliberate beforehand.",,,Detectives presented forensic proof indicating that the cyberattack was premeditated rather than accidental.,Crime & Punishment,Other Useful Crime & Punishment Vocabulary,Detailed Lists for Word Power,https://ieltsliz.com/crime-and-punishment-vocabulary/
IELTS-VOCAB-0164,proof,noun,A core legal doctrine or evidentiary standard: proof.,,,"In a court of law, legal counsel must rigorously evaluate every piece of proof before reaching a definitive conclusion.",Crime & Punishment,Other Types of Punishment,Detailed Lists for Word Power,https://ieltsliz.com/crime-and-punishment-vocabulary/
IELTS-VOCAB-0165,prosecutor,noun,An official authority or participant in judicial proceedings: prosecutor.,,,"During formal criminal proceedings, the testimony and impartiality of the prosecutor are vital for ensuring a fair trial.",Crime & Punishment,Other Types of Punishment,Detailed Lists for Word Power,https://ieltsliz.com/crime-and-punishment-vocabulary/
IELTS-VOCAB-0166,rehabilitated,adjective,"Restored to a constructive, lawful role in society through training or therapy.",,,Specialized vocational training programs help ex-convicts become fully rehabilitated before rejoining society.,Crime & Punishment,Other Useful Crime & Punishment Vocabulary,Detailed Lists for Word Power,https://ieltsliz.com/crime-and-punishment-vocabulary/
IELTS-VOCAB-0167,rehabilitation,noun,The process of restoring an offender to a lawful life in society.,,"reintegration, corrective reform",Modern penal philosophy emphasizes educational rehabilitation over purely retributive custodial incarceration.,Crime & Punishment,Other Useful Crime & Punishment Vocabulary,Detailed Lists for Word Power,https://ieltsliz.com/crime-and-punishment-vocabulary/
IELTS-VOCAB-0168,reintegrate back into society,phrasal verb,To successfully assimilate into civilian community life following release from prison.,,,Comprehensive post-release assistance enables parolees to reintegrate back into society with minimal recidivism.,Crime & Punishment,Other Useful Crime & Punishment Vocabulary,Detailed Lists for Word Power,https://ieltsliz.com/crime-and-punishment-vocabulary/
IELTS-VOCAB-0169,community service,noun,A judicial penalty or correctional sanction: community service.,,,The magistrate determined that imposing a community service was the most proportionate legal sanction for the convicted offender.,Crime & Punishment,Other Useful Crime & Punishment Vocabulary,Detailed Lists for Word Power,https://ieltsliz.com/crime-and-punishment-vocabulary/
IELTS-VOCAB-0170,repeat offender,noun,A behavioral or societal factor examined in criminology: repeat offender.,,,Sociological research indicates that adolescents exposed to persistent repeat offender face a significantly heightened risk of offending.,Crime & Punishment,Other Useful Crime & Punishment Vocabulary,Detailed Lists for Word Power,https://ieltsliz.com/crime-and-punishment-vocabulary/
IELTS-VOCAB-0171,role models,noun (plural),Individuals regarded by others as admirable examples worthy of imitation.,,,"Young adolescents benefit immensely from having inspiring, positive role models within their neighborhood communities.",Crime & Punishment,Other Useful Crime & Punishment Vocabulary,Detailed Lists for Word Power,https://ieltsliz.com/crime-and-punishment-vocabulary/
IELTS-VOCAB-0172,scolding,noun,A behavioral or societal factor examined in criminology: scolding.,,,Sociological research indicates that adolescents exposed to persistent scolding face a significantly heightened risk of offending.,Crime & Punishment,Other Types of Punishment,Detailed Lists for Word Power,https://ieltsliz.com/crime-and-punishment-vocabulary/
IELTS-VOCAB-0173,serial criminals,noun (plural),Offenders who commit a recurring series of crimes over an extended timeframe.,,,Forensic behavioral profiling assists police detectives in identifying and apprehending dangerous serial criminals.,Crime & Punishment,Other Useful Crime & Punishment Vocabulary,Detailed Lists for Word Power,https://ieltsliz.com/crime-and-punishment-vocabulary/
IELTS-VOCAB-0174,shoplifting,noun,An illegal act or statutory offense: shoplifting.,,,Criminologists investigate whether proactive community policing and targeted social intervention can effectively deter shoplifting.,Crime & Punishment,Minor Crimes / Offences,Detailed Lists for Word Power,https://ieltsliz.com/crime-and-punishment-vocabulary/
IELTS-VOCAB-0175,smuggling,noun,An illegal act or statutory offense: smuggling.,,,Criminologists investigate whether proactive community policing and targeted social intervention can effectively deter smuggling.,Crime & Punishment,Major Crimes,Detailed Lists for Word Power,https://ieltsliz.com/crime-and-punishment-vocabulary/
IELTS-VOCAB-0176,take into consideration,collocation / phrase,To account for or reflect upon relevant facts before making a judicial ruling.,,,"When determining an appropriate penalty, the judge will take into consideration any mitigating personal circumstances.",Crime & Punishment,Other Types of Punishment,Detailed Lists for Word Power,https://ieltsliz.com/crime-and-punishment-vocabulary/
IELTS-VOCAB-0177,juvenile delinquent,noun,A behavioral or societal factor examined in criminology: juvenile delinquent.,,,Sociological research indicates that adolescents exposed to persistent juvenile delinquent face a significantly heightened risk of offending.,Crime & Punishment,Minor Crimes / Offences,Detailed Lists for Word Power,https://ieltsliz.com/crime-and-punishment-vocabulary/
IELTS-VOCAB-0178,terrorism,noun,An illegal act or statutory offense: terrorism.,,,Criminologists investigate whether proactive community policing and targeted social intervention can effectively deter terrorism.,Crime & Punishment,Major Crimes,Detailed Lists for Word Power,https://ieltsliz.com/crime-and-punishment-vocabulary/
IELTS-VOCAB-0180,theft,noun,An illegal act or statutory offense: theft.,,,Criminologists investigate whether proactive community policing and targeted social intervention can effectively deter theft.,Crime & Punishment,Minor Crimes / Offences,Detailed Lists for Word Power,https://ieltsliz.com/crime-and-punishment-vocabulary/
IELTS-VOCAB-0181,to be found guilty,phrase,To be formally convicted of a crime by a judicial court.,,,It is a fundamental miscarriage of justice for any defendant to be found guilty without adequate legal defense.,Crime & Punishment,Other Types of Punishment,Detailed Lists for Word Power,https://ieltsliz.com/crime-and-punishment-vocabulary/
IELTS-VOCAB-0182,to be soft on crime,collocation / phrase,Perceived as insufficiently punitive or overly lenient toward criminal lawbreakers.,,,Opposition politicians frequently accuse the incumbent government of choosing to be soft on crime.,Crime & Punishment,Other Useful Crime & Punishment Vocabulary,Detailed Lists for Word Power,https://ieltsliz.com/crime-and-punishment-vocabulary/
IELTS-VOCAB-0183,deter,verb,To discourage or prevent someone from doing something through fear of consequences.,,,Legal scholars debate whether mandatory minimum sentences truly serve to deter prospective criminal behavior.,Crime & Punishment,Other Useful Crime & Punishment Vocabulary,Detailed Lists for Word Power,https://ieltsliz.com/crime-and-punishment-vocabulary/
IELTS-VOCAB-0184,to give lines,phrase,A corrective penalty requiring a student to write out a sentence repeatedly.,,,Traditional school disciplinary regulations occasionally permitted teachers to give lines as a minor corrective punishment.,Crime & Punishment,Other Types of Punishment,Detailed Lists for Word Power,https://ieltsliz.com/crime-and-punishment-vocabulary/
IELTS-VOCAB-0185,to revoke a license,phrase,To officially cancel or permanently rescind an operating license or legal permit.,,,Municipal traffic courts retain statutory authority to revoke a license if a driver repeatedly endangers others.,Crime & Punishment,Minor Crimes / Offences,Detailed Lists for Word Power,https://ieltsliz.com/crime-and-punishment-vocabulary/
IELTS-VOCAB-0186,to suspend a license,phrase,To temporarily withhold or deactivate a driving license or professional permit.,,,The magistrate decided to suspend a license for twelve months following the driver's second conviction.,Crime & Punishment,Minor Crimes / Offences,Detailed Lists for Word Power,https://ieltsliz.com/crime-and-punishment-vocabulary/
IELTS-VOCAB-0187,traffic offences,noun (plural),Violations of traffic laws and motor vehicle regulations.,,,Automated speed cameras and roadside breath checks help deter motorists from committing dangerous traffic offences.,Crime & Punishment,Minor Crimes / Offences,Detailed Lists for Word Power,https://ieltsliz.com/crime-and-punishment-vocabulary/
IELTS-VOCAB-0188,trafficking,noun,An illegal act or statutory offense: trafficking.,,,Criminologists investigate whether proactive community policing and targeted social intervention can effectively deter trafficking.,Crime & Punishment,Minor Crimes / Offences,Detailed Lists for Word Power,https://ieltsliz.com/crime-and-punishment-vocabulary/
IELTS-VOCAB-0189,trial,noun,An official authority or participant in judicial proceedings: trial.,,,"During formal criminal proceedings, the testimony and impartiality of the trial are vital for ensuring a fair trial.",Crime & Punishment,Other Types of Punishment,Detailed Lists for Word Power,https://ieltsliz.com/crime-and-punishment-vocabulary/
IELTS-VOCAB-0191,vandalism,noun,An illegal act or statutory offense: vandalism.,,,Criminologists investigate whether proactive community policing and targeted social intervention can effectively deter vandalism.,Crime & Punishment,Minor Crimes / Offences,Detailed Lists for Word Power,https://ieltsliz.com/crime-and-punishment-vocabulary/
IELTS-VOCAB-0192,white collar crime,noun,An illegal act or statutory offense: white collar crime.,,,Criminologists investigate whether proactive community policing and targeted social intervention can effectively deter white collar crime.,Crime & Punishment,Major Crimes,Detailed Lists for Word Power,https://ieltsliz.com/crime-and-punishment-vocabulary/
IELTS-VOCAB-0193,witness,noun,An official authority or participant in judicial proceedings: witness.,,,"During formal criminal proceedings, the testimony and impartiality of the witness are vital for ensuring a fair trial.",Crime & Punishment,Other Types of Punishment,Detailed Lists for Word Power,https://ieltsliz.com/crime-and-punishment-vocabulary/
IELTS-VOCAB-0194,algebra,noun,An academic subject or discipline: algebra.,,,The national curriculum requires secondary school pupils to develop analytical competence through the study of algebra.,Education: School & University,Useful Language & Collocations,Detailed Lists for Word Power,https://ieltsliz.com/education-vocabulary-school-and-university/
IELTS-VOCAB-0196,art,noun,An academic subject or discipline: art.,,,The national curriculum requires secondary school pupils to develop analytical competence through the study of art.,Education: School & University,School Subjects,Detailed Lists for Word Power,https://ieltsliz.com/education-vocabulary-school-and-university/
IELTS-VOCAB-0197,assignment,noun,"An academic assignment, activity, or evaluation: assignment.",,,University scholars are required to submit extensive assignment demonstrating independent critical analysis.,Education: School & University,University Vocabulary,Detailed Lists for Word Power,https://ieltsliz.com/education-vocabulary-school-and-university/
IELTS-VOCAB-0198,bachelor degree,noun,An academic qualification or educational level: bachelor degree.,,,Attaining an accredited bachelor degree significantly improves a graduate's employment prospects in the global knowledge economy.,Education: School & University,University Vocabulary,Detailed Lists for Word Power,https://ieltsliz.com/education-vocabulary-school-and-university/
IELTS-VOCAB-0199,biology,noun,An academic subject or discipline: biology.,,,The national curriculum requires secondary school pupils to develop analytical competence through the study of biology.,Education: School & University,School Subjects,Detailed Lists for Word Power,https://ieltsliz.com/education-vocabulary-school-and-university/
IELTS-VOCAB-0200,Certificate,noun,A core academic concept in Education: Certificate.,,,Academics emphasize that mastering key concepts related to Certificate is vital for long-term intellectual development.,Education: School & University,University Vocabulary,Detailed Lists for Word Power,https://ieltsliz.com/education-vocabulary-school-and-university/
IELTS-VOCAB-0201,cheating,noun,Acting dishonestly or unfairly to gain an academic advantage.,,,University honor codes impose severe disciplinary suspensions to deter dishonest academic cheating during examinations.,Education: School & University,School Subjects,Detailed Lists for Word Power,https://ieltsliz.com/education-vocabulary-school-and-university/
IELTS-VOCAB-0202,chemistry,noun,An academic subject or discipline: chemistry.,,,The national curriculum requires secondary school pupils to develop analytical competence through the study of chemistry.,Education: School & University,School Subjects,Detailed Lists for Word Power,https://ieltsliz.com/education-vocabulary-school-and-university/
IELTS-VOCAB-0203,college,noun,An academic qualification or educational level: college.,,,Attaining an accredited college significantly improves a graduate's employment prospects in the global knowledge economy.,Education: School & University,Educational Institutions,Detailed Lists for Word Power,https://ieltsliz.com/education-vocabulary-school-and-university/
IELTS-VOCAB-0204,comprehensive education,noun,An academic qualification or educational level: comprehensive education.,,,Attaining an accredited comprehensive education significantly improves a graduate's employment prospects in the global knowledge economy.,Education: School & University,Other Useful Vocabulary for Education,Detailed Lists for Word Power,https://ieltsliz.com/education-vocabulary-school-and-university/
IELTS-VOCAB-0205,cookery,noun,An academic subject or discipline: cookery.,,,The national curriculum requires secondary school pupils to develop analytical competence through the study of cookery.,Education: School & University,School Subjects,Detailed Lists for Word Power,https://ieltsliz.com/education-vocabulary-school-and-university/
IELTS-VOCAB-0206,deliver a lecture,phrase,To present a formal educational address to an audience of students.,,,Distinguished visiting professors are frequently invited to deliver a lecture on international macroeconomic policy.,Education: School & University,University Vocabulary,Detailed Lists for Word Power,https://ieltsliz.com/education-vocabulary-school-and-university/
IELTS-VOCAB-0207,Diploma,noun,A core academic concept in Education: Diploma.,,,Academics emphasize that mastering key concepts related to Diploma is vital for long-term intellectual development.,Education: School & University,University Vocabulary,Detailed Lists for Word Power,https://ieltsliz.com/education-vocabulary-school-and-university/
IELTS-VOCAB-0208,dissection,noun,"An academic assignment, activity, or evaluation: dissection.",,,University scholars are required to submit extensive dissection demonstrating independent critical analysis.,Education: School & University,Useful Language & Collocations,Detailed Lists for Word Power,https://ieltsliz.com/education-vocabulary-school-and-university/
IELTS-VOCAB-0209,dissertation,noun,"An academic assignment, activity, or evaluation: dissertation.",,,University scholars are required to submit extensive dissertation demonstrating independent critical analysis.,Education: School & University,University Vocabulary,Detailed Lists for Word Power,https://ieltsliz.com/education-vocabulary-school-and-university/
IELTS-VOCAB-0210,Distance Learning Course,collocation / phrase,A core academic concept in Education: Distance Learning Course.,,,Academics emphasize that mastering key concepts related to Distance Learning Course is vital for long-term intellectual development.,Education: School & University,University Vocabulary,Detailed Lists for Word Power,https://ieltsliz.com/education-vocabulary-school-and-university/
IELTS-VOCAB-0211,extra curricular activities,noun (plural),"Pursuits, clubs, and sports undertaken outside the standard academic curriculum.",,,Admissions committees value applicants who engage actively in extra curricular activities alongside their academic studies.,Education: School & University,School Subjects,Detailed Lists for Word Power,https://ieltsliz.com/education-vocabulary-school-and-university/
IELTS-VOCAB-0212,fall behind with studies,phrase,To fail to maintain the required pace of academic coursework.,,,Students with inadequate time-management skills risk stress and may fall behind with studies before exam periods.,Education: School & University,University Vocabulary,Detailed Lists for Word Power,https://ieltsliz.com/education-vocabulary-school-and-university/
IELTS-VOCAB-0213,gap year,noun,A year-long hiatus taken between school and university for work or travel.,,,Many secondary school leavers choose to take a productive gap year to gain practical workplace experience and travel.,Education: School & University,Other Useful Vocabulary for Education,Detailed Lists for Word Power,https://ieltsliz.com/education-vocabulary-school-and-university/
IELTS-VOCAB-0214,geography,noun,An academic subject or discipline: geography.,,,The national curriculum requires secondary school pupils to develop analytical competence through the study of geography.,Education: School & University,School Subjects,Detailed Lists for Word Power,https://ieltsliz.com/education-vocabulary-school-and-university/
IELTS-VOCAB-0215,graduate,noun,A person who has successfully completed a course of study or degree.,,,"Upon completing their final dissertations, every university graduate enters an increasingly competitive professional job market.",Education: School & University,University Vocabulary,Detailed Lists for Word Power,https://ieltsliz.com/education-vocabulary-school-and-university/
IELTS-VOCAB-0216,graduated,adjective / verb,Having completed a university degree or course of study.,,,The university honored each newly graduated scholar during the formal summer commencement ceremony.,Education: School & University,University Vocabulary,Detailed Lists for Word Power,https://ieltsliz.com/education-vocabulary-school-and-university/
IELTS-VOCAB-0217,handicrafts,noun,An academic subject or discipline: handicrafts.,,,The national curriculum requires secondary school pupils to develop analytical competence through the study of handicrafts.,Education: School & University,School Subjects,Detailed Lists for Word Power,https://ieltsliz.com/education-vocabulary-school-and-university/
IELTS-VOCAB-0218,higher education,noun,An academic qualification or educational level: higher education.,,,Attaining an accredited higher education significantly improves a graduate's employment prospects in the global knowledge economy.,Education: School & University,Educational Institutions,Detailed Lists for Word Power,https://ieltsliz.com/education-vocabulary-school-and-university/
IELTS-VOCAB-0219,history,noun,An academic subject or discipline: history.,,,The national curriculum requires secondary school pupils to develop analytical competence through the study of history.,Education: School & University,School Subjects,Detailed Lists for Word Power,https://ieltsliz.com/education-vocabulary-school-and-university/
IELTS-VOCAB-0220,hypothesis,noun,"An academic assignment, activity, or evaluation: hypothesis.",,,University scholars are required to submit extensive hypothesis demonstrating independent critical analysis.,Education: School & University,University Vocabulary,Detailed Lists for Word Power,https://ieltsliz.com/education-vocabulary-school-and-university/
IELTS-VOCAB-0221,illiterate,adjective,Unable to read or write.,,,Government literacy campaigns provide adult night classes to assist citizens who were previously illiterate.,Education: School & University,Other Useful Vocabulary for Education,Detailed Lists for Word Power,https://ieltsliz.com/education-vocabulary-school-and-university/
IELTS-VOCAB-0222,information technology,noun,An academic subject or discipline: information technology.,,,The national curriculum requires secondary school pupils to develop analytical competence through the study of information technology.,Education: School & University,School Subjects,Detailed Lists for Word Power,https://ieltsliz.com/education-vocabulary-school-and-university/
IELTS-VOCAB-0223,intensive course,noun,"A concentrated, fast-paced academic program covering a subject in depth within a short period.",,,Medical researchers attended a five-day intensive course on statistical modeling in clinical epidemiology.,Education: School & University,Other Useful Vocabulary for Education,Detailed Lists for Word Power,https://ieltsliz.com/education-vocabulary-school-and-university/
IELTS-VOCAB-0224,keeping up with the work load,phrase,Managing to complete a demanding volume of academic assignments on time.,,,Freshmen undergraduates frequently encounter difficulty when keeping up with the work load of university courses.,Education: School & University,University Vocabulary,Detailed Lists for Word Power,https://ieltsliz.com/education-vocabulary-school-and-university/
IELTS-VOCAB-0225,kindergarten,noun,An academic qualification or educational level: kindergarten.,,,Attaining an accredited kindergarten significantly improves a graduate's employment prospects in the global knowledge economy.,Education: School & University,Educational Institutions,Detailed Lists for Word Power,https://ieltsliz.com/education-vocabulary-school-and-university/
IELTS-VOCAB-0226,lab work,noun,"An academic assignment, activity, or evaluation: lab work.",,,University scholars are required to submit extensive lab work demonstrating independent critical analysis.,Education: School & University,Useful Language & Collocations,Detailed Lists for Word Power,https://ieltsliz.com/education-vocabulary-school-and-university/
IELTS-VOCAB-0227,language,noun,A core academic concept in Education: language.,,,Academics emphasize that mastering key concepts related to language is vital for long-term intellectual development.,Education: School & University,School Subjects,Detailed Lists for Word Power,https://ieltsliz.com/education-vocabulary-school-and-university/
IELTS-VOCAB-0228,lectures,noun (plural),Formal educational presentations delivered by professors to large groups of students.,,,Distinguished international scholars are invited to deliver guest lectures on contemporary geopolitical developments.,Education: School & University,University Vocabulary,Detailed Lists for Word Power,https://ieltsliz.com/education-vocabulary-school-and-university/
IELTS-VOCAB-0229,literacy,noun,The ability to read and write.,,,Investing in rural community schooling yields measurable improvements in national literacy and economic productivity.,Education: School & University,Other Useful Vocabulary for Education,Detailed Lists for Word Power,https://ieltsliz.com/education-vocabulary-school-and-university/
IELTS-VOCAB-0230,literate,adjective,Able to read and write proficiently.,,,Primary educational policy strives to ensure that every child becomes functionally literate by the completion of elementary school.,Education: School & University,Other Useful Vocabulary for Education,Detailed Lists for Word Power,https://ieltsliz.com/education-vocabulary-school-and-university/
IELTS-VOCAB-0231,literature,noun,An academic subject or discipline: literature.,,,The national curriculum requires secondary school pupils to develop analytical competence through the study of literature.,Education: School & University,School Subjects,Detailed Lists for Word Power,https://ieltsliz.com/education-vocabulary-school-and-university/
IELTS-VOCAB-0232,master degree,noun,An academic qualification or educational level: master degree.,,,Attaining an accredited master degree significantly improves a graduate's employment prospects in the global knowledge economy.,Education: School & University,University Vocabulary,Detailed Lists for Word Power,https://ieltsliz.com/education-vocabulary-school-and-university/
IELTS-VOCAB-0233,maths,noun,An academic subject or discipline: maths.,,,The national curriculum requires secondary school pupils to develop analytical competence through the study of maths.,Education: School & University,School Subjects,Detailed Lists for Word Power,https://ieltsliz.com/education-vocabulary-school-and-university/
IELTS-VOCAB-0235,music,noun,An academic subject or discipline: music.,,,The national curriculum requires secondary school pupils to develop analytical competence through the study of music.,Education: School & University,School Subjects,Detailed Lists for Word Power,https://ieltsliz.com/education-vocabulary-school-and-university/
IELTS-VOCAB-0236,natural science,noun,An academic subject or discipline: natural science.,,,The national curriculum requires secondary school pupils to develop analytical competence through the study of natural science.,Education: School & University,School Subjects,Detailed Lists for Word Power,https://ieltsliz.com/education-vocabulary-school-and-university/
IELTS-VOCAB-0237,Non-vocational course,noun,A core academic concept in Education: Non-vocational course.,,,Academics emphasize that mastering key concepts related to Non-vocational course is vital for long-term intellectual development.,Education: School & University,University Vocabulary,Detailed Lists for Word Power,https://ieltsliz.com/education-vocabulary-school-and-university/
IELTS-VOCAB-0238,note-taking,noun,"An academic assignment, activity, or evaluation: note-taking.",,,University scholars are required to submit extensive note-taking demonstrating independent critical analysis.,Education: School & University,University Vocabulary,Detailed Lists for Word Power,https://ieltsliz.com/education-vocabulary-school-and-university/
IELTS-VOCAB-0240,Online Course,noun,A core academic concept in Education: Online Course.,,,Academics emphasize that mastering key concepts related to Online Course is vital for long-term intellectual development.,Education: School & University,University Vocabulary,Detailed Lists for Word Power,https://ieltsliz.com/education-vocabulary-school-and-university/
IELTS-VOCAB-0241,pay off a student loan,phrase,To fully repay borrowed educational tuition funds to a financial lender.,,,Many university graduates work for over a decade in professional roles before they can completely pay off a student loan.,Education: School & University,Other Useful Vocabulary for Education,Detailed Lists for Word Power,https://ieltsliz.com/education-vocabulary-school-and-university/
IELTS-VOCAB-0242,PhD,noun,A core academic concept in Education: PhD.,,,Academics emphasize that mastering key concepts related to PhD is vital for long-term intellectual development.,Education: School & University,University Vocabulary,Detailed Lists for Word Power,https://ieltsliz.com/education-vocabulary-school-and-university/
IELTS-VOCAB-0243,physical education,noun,An academic subject or discipline: physical education.,,,The national curriculum requires secondary school pupils to develop analytical competence through the study of physical education.,Education: School & University,School Subjects,Detailed Lists for Word Power,https://ieltsliz.com/education-vocabulary-school-and-university/
IELTS-VOCAB-0244,truancy,noun,The act or habit of staying away from school without leave or good explanation.,,,School social workers monitor unexcused truancy to identify vulnerable students who may require counseling or welfare support.,Education: School & University,Other Useful Vocabulary for Education,Detailed Lists for Word Power,https://ieltsliz.com/education-vocabulary-school-and-university/
IELTS-VOCAB-0245,post-graduate school,noun,An academic qualification or educational level: post-graduate school.,,,Attaining an accredited post-graduate school significantly improves a graduate's employment prospects in the global knowledge economy.,Education: School & University,Educational Institutions,Detailed Lists for Word Power,https://ieltsliz.com/education-vocabulary-school-and-university/
IELTS-VOCAB-0246,presentations,noun (plural),Structured academic talks showcasing original findings to a scholarly audience.,,,Postgraduate degree candidates deliver formal research presentations before faculty review committees.,Education: School & University,University Vocabulary,Detailed Lists for Word Power,https://ieltsliz.com/education-vocabulary-school-and-university/
IELTS-VOCAB-0247,primary school,noun,An academic qualification or educational level: primary school.,,,Attaining an accredited primary school significantly improves a graduate's employment prospects in the global knowledge economy.,Education: School & University,Educational Institutions,Detailed Lists for Word Power,https://ieltsliz.com/education-vocabulary-school-and-university/
IELTS-VOCAB-0248,project work,noun,"An academic assignment, activity, or evaluation: project work.",,,University scholars are required to submit extensive project work demonstrating independent critical analysis.,Education: School & University,University Vocabulary,Detailed Lists for Word Power,https://ieltsliz.com/education-vocabulary-school-and-university/
IELTS-VOCAB-0249,religious studies,noun,An academic subject or discipline: religious studies.,,,The national curriculum requires secondary school pupils to develop analytical competence through the study of religious studies.,Education: School & University,School Subjects,Detailed Lists for Word Power,https://ieltsliz.com/education-vocabulary-school-and-university/
IELTS-VOCAB-0250,research,noun,"An academic assignment, activity, or evaluation: research.",,"investigation, empirical study, analysis",University scholars are required to submit extensive research demonstrating independent critical analysis.,Education: School & University,University Vocabulary,Detailed Lists for Word Power,https://ieltsliz.com/education-vocabulary-school-and-university/
IELTS-VOCAB-0251,scheduled lessons,noun (plural),Pre-arranged classroom instructional sessions within a school timetable.,,,Punctual attendance at all scheduled lessons is mandatory for secondary students to maintain satisfactory academic progress.,Education: School & University,Useful Language & Collocations,Detailed Lists for Word Power,https://ieltsliz.com/education-vocabulary-school-and-university/
IELTS-VOCAB-0252,scholarship,noun,A grant or financial award made to support a student's education.,,,The academically gifted candidate was granted a full university scholarship covering all tuition and living expenses.,Education: School & University,University Vocabulary,Detailed Lists for Word Power,https://ieltsliz.com/education-vocabulary-school-and-university/
IELTS-VOCAB-0253,science,noun,An academic subject or discipline: science.,,,The national curriculum requires secondary school pupils to develop analytical competence through the study of science.,Education: School & University,School Subjects,Detailed Lists for Word Power,https://ieltsliz.com/education-vocabulary-school-and-university/
IELTS-VOCAB-0254,secondary school,noun,An academic qualification or educational level: secondary school.,,,Attaining an accredited secondary school significantly improves a graduate's employment prospects in the global knowledge economy.,Education: School & University,Educational Institutions,Detailed Lists for Word Power,https://ieltsliz.com/education-vocabulary-school-and-university/
IELTS-VOCAB-0255,student loan,noun,A loan granted to a student to pay for higher education tuition and living costs.,,,Many young professionals carry the financial burden of repaying a student loan well into their adult careers.,Education: School & University,Other Useful Vocabulary for Education,Detailed Lists for Word Power,https://ieltsliz.com/education-vocabulary-school-and-university/
IELTS-VOCAB-0256,student loans,noun (plural),Borrowed educational funds requiring long-term financial repayment by students.,,,Rising tuition expenses have caused cumulative debt on student loans to reach record levels among university graduates.,Education: School & University,Other Useful Vocabulary for Education,Detailed Lists for Word Power,https://ieltsliz.com/education-vocabulary-school-and-university/
IELTS-VOCAB-0257,the faculty of business,noun,An academic department or division within a university focused on business studies.,,,The university established an international corporate mentoring program through the faculty of business.,Education: School & University,University Vocabulary,Detailed Lists for Word Power,https://ieltsliz.com/education-vocabulary-school-and-university/
IELTS-VOCAB-0258,the literacy rate,noun,The proportion of the population aged fifteen and above that can read and write.,,,International development organizations track the literacy rate as a key indicator of socio-economic progress.,Education: School & University,Other Useful Vocabulary for Education,Detailed Lists for Word Power,https://ieltsliz.com/education-vocabulary-school-and-university/
IELTS-VOCAB-0259,thesis,noun,"An academic assignment, activity, or evaluation: thesis.",,,University scholars are required to submit extensive thesis demonstrating independent critical analysis.,Education: School & University,University Vocabulary,Detailed Lists for Word Power,https://ieltsliz.com/education-vocabulary-school-and-university/
IELTS-VOCAB-0260,to attend a lecture,phrase,To be physically or virtually present at a formal university instructional presentation.,,,Undergraduate students are strongly encouraged to attend a lecture punctually and take thorough notes.,Education: School & University,University Vocabulary,Detailed Lists for Word Power,https://ieltsliz.com/education-vocabulary-school-and-university/
IELTS-VOCAB-0261,to attend a tutorial,phrase,To participate in a small-group instructional session with an academic tutor.,,,Seminar group discussions provide undergraduates with an opportunity to attend a tutorial and analyze difficult texts.,Education: School & University,University Vocabulary,Detailed Lists for Word Power,https://ieltsliz.com/education-vocabulary-school-and-university/
IELTS-VOCAB-0262,to do or complete coursework,phrase,To finish written or practical academic projects assigned during a course.,,,Independent learners must organize their daily schedule to do or complete coursework before end-of-term deadlines.,Education: School & University,University Vocabulary,Detailed Lists for Word Power,https://ieltsliz.com/education-vocabulary-school-and-university/
IELTS-VOCAB-0263,to enroll on a degree course,phrase,To officially register as a candidate for an undergraduate or postgraduate degree.,,,Prospective university students must meet stringent entry requirements to enroll on a degree course in engineering.,Education: School & University,University Vocabulary,Detailed Lists for Word Power,https://ieltsliz.com/education-vocabulary-school-and-university/
IELTS-VOCAB-0264,to graduate from a university,phrase,To successfully complete a course of study and receive an academic degree.,,,Attaining high academic honors enables ambitious scholars to graduate from a university with excellent career opportunities.,Education: School & University,University Vocabulary,Detailed Lists for Word Power,https://ieltsliz.com/education-vocabulary-school-and-university/
IELTS-VOCAB-0265,to major in physics,phrase,To specialize in a specific academic discipline as a principal field of study.,,,Undergraduates who aspire to careers in aerospace engineering frequently choose to major in physics during their studies.,Education: School & University,University Vocabulary,Detailed Lists for Word Power,https://ieltsliz.com/education-vocabulary-school-and-university/
IELTS-VOCAB-0266,to read history,phrase,To study a discipline (especially in British universities) as an undergraduate specialization.,,,Scholars who choose to read history at university develop sophisticated archival research and analytical critique skills.,Education: School & University,University Vocabulary,Detailed Lists for Word Power,https://ieltsliz.com/education-vocabulary-school-and-university/
IELTS-VOCAB-0267,tone deaf,adjective,Unable to perceive differences in musical pitch accurately.,,,"While some amateur singers assume they are tone deaf, dedicated vocal coaching can rapidly improve pitch accuracy.",Education: School & University,Useful Language & Collocations,Detailed Lists for Word Power,https://ieltsliz.com/education-vocabulary-school-and-university/
IELTS-VOCAB-0268,tracing,noun,The act of copying an outline or drawing on transparent paper or guidelines.,,,Preschool educators use letter tracing exercises to help young children develop hand-eye coordination and handwriting.,Education: School & University,Useful Language & Collocations,Detailed Lists for Word Power,https://ieltsliz.com/education-vocabulary-school-and-university/
IELTS-VOCAB-0269,tutorials,noun (plural),Small-group instructional sessions led by a university tutor or academic.,,,Undergraduate seminar groups and weekly tutorials provide an interactive forum for discussing complex economic models.,Education: School & University,University Vocabulary,Detailed Lists for Word Power,https://ieltsliz.com/education-vocabulary-school-and-university/
IELTS-VOCAB-0270,undergraduate,noun,A university student who has not yet taken a first degree.,,,An ambitious undergraduate scholar must balance demanding coursework assignments with laboratory research duties.,Education: School & University,University Vocabulary,Detailed Lists for Word Power,https://ieltsliz.com/education-vocabulary-school-and-university/
IELTS-VOCAB-0271,Vocational course,noun,A core academic concept in Education: Vocational course.,,,Academics emphasize that mastering key concepts related to Vocational course is vital for long-term intellectual development.,Education: School & University,University Vocabulary,Detailed Lists for Word Power,https://ieltsliz.com/education-vocabulary-school-and-university/
IELTS-VOCAB-0275,absorb,verb,"To take in or soak up energy, liquid, or other substances.",,,Dense coastal mangrove forests act as natural ecological buffers that absorb excess wave impact during tidal surges.,Environmental Problems,Deforestation,Detailed Lists for Word Power,http://www.ieltsliz.com/world-environmental-problems-vocabulary
IELTS-VOCAB-0276,abundant,adjective,"Existing or available in large, plentiful quantities.",,,Tropical rainforests support an abundant diversity of plant and animal species found nowhere else on earth.,Environmental Problems,Marine Pollution,Detailed Lists for Word Power,http://www.ieltsliz.com/world-environmental-problems-vocabulary
IELTS-VOCAB-0277,acid rain,noun,A major ecological crisis or environmental threat: acid rain.,,,"Environmental scientists warn that unchecked acid rain poses severe, irreversible hazards to planetary ecosystems.",Environmental Problems,Top Environmental Problems in the Modern World,Detailed Lists for Word Power,http://www.ieltsliz.com/world-environmental-problems-vocabulary
IELTS-VOCAB-0278,air pollution,noun,A major ecological crisis or environmental threat: air pollution.,,,"Environmental scientists warn that unchecked air pollution poses severe, irreversible hazards to planetary ecosystems.",Environmental Problems,Top Environmental Problems in the Modern World,Detailed Lists for Word Power,http://www.ieltsliz.com/world-environmental-problems-vocabulary
IELTS-VOCAB-0280,aquatic creatures,noun (plural),Animals and organisms that live predominantly in water environments.,,,Marine conservation laws are enacted to shield vulnerable aquatic creatures from commercial plastic pollution.,Environmental Problems,Marine Pollution,Detailed Lists for Word Power,http://www.ieltsliz.com/world-environmental-problems-vocabulary
IELTS-VOCAB-0281,biodiversity,noun,The variety of plant and animal life in the world or in a particular habitat.,,,"Preserving intact tropical habitats is essential for preventing the rapid, catastrophic collapse of planetary biodiversity.",Environmental Problems,Deforestation,Detailed Lists for Word Power,http://www.ieltsliz.com/world-environmental-problems-vocabulary
IELTS-VOCAB-0282,break down,phrasal verb,"To decompose, decay, or disintegrate into constituent elements.",,,Synthetic non-biodegradable plastics can take hundreds of years to break down in natural soil environments.,Environmental Problems,Ozone Layer Depletion,Detailed Lists for Word Power,http://www.ieltsliz.com/world-environmental-problems-vocabulary
IELTS-VOCAB-0283,buildings,noun (plural),"Permanent structures with roofs and walls, such as houses or factories.",,,Urban planners are retrofitting older municipal buildings with rooftop solar panels to cut energy consumption.,Environmental Problems,Acid rain,Detailed Lists for Word Power,http://www.ieltsliz.com/world-environmental-problems-vocabulary
IELTS-VOCAB-0284,chemicals,noun (plural),Substances manufactured by or used in chemical processes.,,,Strict environmental standards regulate the discharge of toxic industrial chemicals into freshwater waterways.,Environmental Problems,Acid rain,Detailed Lists for Word Power,http://www.ieltsliz.com/world-environmental-problems-vocabulary
IELTS-VOCAB-0285,climate change,noun,A major ecological crisis or environmental threat: climate change.,,,"Environmental scientists warn that unchecked climate change poses severe, irreversible hazards to planetary ecosystems.",Environmental Problems,Top Environmental Problems in the Modern World,Detailed Lists for Word Power,http://www.ieltsliz.com/world-environmental-problems-vocabulary
IELTS-VOCAB-0286,crime rates,noun (plural),The measured incidence of criminal offenses in a given area or period.,,,Sociological researchers study whether deteriorating environmental quality and excessive urban heat waves correlate with increased crime rates.,Environmental Problems,World Population,Detailed Lists for Word Power,http://www.ieltsliz.com/world-environmental-problems-vocabulary
IELTS-VOCAB-0287,crops,noun (plural),"Cultivated plants that are grown as food, especially grains, fruits, or vegetables.",,,Agricultural scientists breed drought-resilient crops to safeguard national food supplies against erratic rainfall.,Environmental Problems,Loss of Biodiversity,Detailed Lists for Word Power,http://www.ieltsliz.com/world-environmental-problems-vocabulary
IELTS-VOCAB-0288,deforestation,noun,A major ecological crisis or environmental threat: deforestation.,,,"Environmental scientists warn that unchecked deforestation poses severe, irreversible hazards to planetary ecosystems.",Environmental Problems,Top Environmental Problems in the Modern World,Detailed Lists for Word Power,http://www.ieltsliz.com/world-environmental-problems-vocabulary
IELTS-VOCAB-0289,deposit,verb,To lay down or leave matter in a natural process.,,,Fast-flowing mountain streams carry mineral-rich silt and deposit fertile sediments across downstream agricultural plains.,Environmental Problems,Marine Pollution,Detailed Lists for Word Power,http://www.ieltsliz.com/world-environmental-problems-vocabulary
IELTS-VOCAB-0290,draining world resources,phrase,"Exhausting planetary raw materials, minerals, and fossil fuels.",,,Unchecked consumerism contributes to draining world resources at an ecologically unsustainable pace.,Environmental Problems,World Population,Detailed Lists for Word Power,http://www.ieltsliz.com/world-environmental-problems-vocabulary
IELTS-VOCAB-0291,ecosystem,noun,A biological community of interacting organisms and their physical environment.,,,"Pollution in coral reefs disrupts the delicate marine ecosystem, threatening entire food webs and fish nurseries.",Environmental Problems,Deforestation,Detailed Lists for Word Power,http://www.ieltsliz.com/world-environmental-problems-vocabulary
IELTS-VOCAB-0292,exacerbated,adjective / verb,"Made worse, more severe, or more intense.",,,Global food insecurity has been severely exacerbated by prolonged regional droughts and rising average temperatures.,Environmental Problems,Land Degradation,Detailed Lists for Word Power,http://www.ieltsliz.com/world-environmental-problems-vocabulary
IELTS-VOCAB-0293,farm chemicals,noun (plural),"Chemical compounds, pesticides, and fertilizers used in commercial agriculture.",,,The excessive application of synthetic farm chemicals contaminates agricultural runoff and depletes soil biodiversity.,Environmental Problems,Marine Pollution,Detailed Lists for Word Power,http://www.ieltsliz.com/world-environmental-problems-vocabulary
IELTS-VOCAB-0294,food security,noun,"The state of having reliable physical and economic access to sufficient, nutritious food.",,,Investing in modern sustainable farming techniques is imperative for ensuring long-term food security for growing populations.,Environmental Problems,Loss of Biodiversity,Detailed Lists for Word Power,http://www.ieltsliz.com/world-environmental-problems-vocabulary
IELTS-VOCAB-0295,fossil fuels,noun (plural),"Natural fuels such as coal, oil, or gas formed in the geological past from living organisms.",,,Transitioning away from carbon-intensive fossil fuels is indispensable if international climate targets are to be fulfilled.,Environmental Problems,Climate Change,Detailed Lists for Word Power,http://www.ieltsliz.com/world-environmental-problems-vocabulary
IELTS-VOCAB-0296,greenhouse gases,noun (plural),Atmospheric gases like carbon dioxide and methane that trap solar heat.,,,Anthropogenic emissions of heat-trapping greenhouse gases accelerate global warming and polar ice sheet melt.,Environmental Problems,Climate Change,Detailed Lists for Word Power,http://www.ieltsliz.com/world-environmental-problems-vocabulary
IELTS-VOCAB-0297,habitat,noun,"The natural home or environment of an animal, plant, or organism.",,,"Deforestation destroys the primary natural habitat of endangered primates, pushing many species toward extinction.",Environmental Problems,Deforestation,Detailed Lists for Word Power,http://www.ieltsliz.com/world-environmental-problems-vocabulary
IELTS-VOCAB-0298,hazardous,adjective,"Risky, dangerous, or harmful to human health or the environment.",,,Improper storage of hazardous chemical waste poses grave contamination risks to underground municipal drinking aquifers.,Environmental Problems,Air Pollution,Detailed Lists for Word Power,http://www.ieltsliz.com/world-environmental-problems-vocabulary
IELTS-VOCAB-0299,humans,noun (plural),Human beings collectively; members of the species Homo sapiens.,,,Ecologists emphasize that humans bear a profound moral responsibility to preserve planetary ecosystems for future generations.,Environmental Problems,Marine Pollution,Detailed Lists for Word Power,http://www.ieltsliz.com/world-environmental-problems-vocabulary
IELTS-VOCAB-0300,land degradation,noun,A major ecological crisis or environmental threat: land degradation.,,,"Environmental scientists warn that unchecked land degradation poses severe, irreversible hazards to planetary ecosystems.",Environmental Problems,Top Environmental Problems in the Modern World,Detailed Lists for Word Power,http://www.ieltsliz.com/world-environmental-problems-vocabulary
IELTS-VOCAB-0301,longer life span,noun phrase,An extended duration or length of time for which an individual or organism lives.,,,Advancements in public sanitation and access to clean drinking water have contributed to a longer life span for populations worldwide.,Environmental Problems,World Population,Detailed Lists for Word Power,http://www.ieltsliz.com/world-environmental-problems-vocabulary
IELTS-VOCAB-0302,loss of biodiversity,noun,A major ecological crisis or environmental threat: loss of biodiversity.,,,"Environmental scientists warn that unchecked loss of biodiversity poses severe, irreversible hazards to planetary ecosystems.",Environmental Problems,Top Environmental Problems in the Modern World,Detailed Lists for Word Power,http://www.ieltsliz.com/world-environmental-problems-vocabulary
IELTS-VOCAB-0303,loss of fertility,noun,A major ecological crisis or environmental threat: loss of fertility.,,,"Environmental scientists warn that unchecked loss of fertility poses severe, irreversible hazards to planetary ecosystems.",Environmental Problems,Land Degradation,Detailed Lists for Word Power,http://www.ieltsliz.com/world-environmental-problems-vocabulary
IELTS-VOCAB-0304,low lying,adjective,At or near sea level or situated on low ground.,,,Coastal cities located in low lying delta regions are particularly susceptible to sea level rise and severe storm surges.,Environmental Problems,Climate Change,Detailed Lists for Word Power,http://www.ieltsliz.com/world-environmental-problems-vocabulary
IELTS-VOCAB-0305,lungs,noun (plural),The pair of respiratory organs in the chest that supply the body with oxygen.,,,"Severe particulate air pollution causes permanent tissue scarring in human lungs, leading to chronic respiratory illness.",Environmental Problems,Acid rain,Detailed Lists for Word Power,http://www.ieltsliz.com/world-environmental-problems-vocabulary
IELTS-VOCAB-0306,marine pollution,noun,A major ecological crisis or environmental threat: marine pollution.,,,"Environmental scientists warn that unchecked marine pollution poses severe, irreversible hazards to planetary ecosystems.",Environmental Problems,Top Environmental Problems in the Modern World,Detailed Lists for Word Power,http://www.ieltsliz.com/world-environmental-problems-vocabulary
IELTS-VOCAB-0307,natural sustainability,noun,The capacity of natural ecosystems to endure and maintain ecological balance indefinitely.,,,Ecologists advocate circular economic practices that promote natural sustainability without depleting finite resources.,Environmental Problems,Loss of Biodiversity,Detailed Lists for Word Power,http://www.ieltsliz.com/world-environmental-problems-vocabulary
IELTS-VOCAB-0308,overpopulation,noun,A major ecological crisis or environmental threat: overpopulation.,,,"Environmental scientists warn that unchecked overpopulation poses severe, irreversible hazards to planetary ecosystems.",Environmental Problems,Top Environmental Problems in the Modern World,Detailed Lists for Word Power,http://www.ieltsliz.com/world-environmental-problems-vocabulary
IELTS-VOCAB-0309,ozone layer depletion,noun,A major ecological crisis or environmental threat: ozone layer depletion.,,,"Environmental scientists warn that unchecked ozone layer depletion poses severe, irreversible hazards to planetary ecosystems.",Environmental Problems,Top Environmental Problems in the Modern World,Detailed Lists for Word Power,http://www.ieltsliz.com/world-environmental-problems-vocabulary
IELTS-VOCAB-0310,power plants,noun (plural),Industrial facilities that generate electric energy for commercial distribution.,,,Governments are phasing out obsolete coal-fired power plants in favor of grid-scale solar and wind installations.,Environmental Problems,Air Pollution,Detailed Lists for Word Power,http://www.ieltsliz.com/world-environmental-problems-vocabulary
IELTS-VOCAB-0311,premature,adjective,"Occurring or done before the proper, natural, or customary time.",,,Epidemiological studies demonstrate that urban smog causes thousands of premature deaths annually from cardiopulmonary diseases.,Environmental Problems,Air Pollution,Detailed Lists for Word Power,http://www.ieltsliz.com/world-environmental-problems-vocabulary
IELTS-VOCAB-0312,productive potential,noun phrase,The maximum capacity of land or resources to yield output sustainably.,,,Soil salinization significantly degrades the agricultural productive potential of irrigated farmland over time.,Environmental Problems,Land Degradation,Detailed Lists for Word Power,http://www.ieltsliz.com/world-environmental-problems-vocabulary
IELTS-VOCAB-0313,resource depletion,noun,A major ecological crisis or environmental threat: resource depletion.,,,"Environmental scientists warn that unchecked resource depletion poses severe, irreversible hazards to planetary ecosystems.",Environmental Problems,Top Environmental Problems in the Modern World,Detailed Lists for Word Power,http://www.ieltsliz.com/world-environmental-problems-vocabulary
IELTS-VOCAB-0315,seep,verb,To flow or leak slowly through small openings or porous material.,,,Toxic runoff from unregulated open landfills can seep into porous bedrock and contaminate regional water tables.,Environmental Problems,Acid rain,Detailed Lists for Word Power,http://www.ieltsliz.com/world-environmental-problems-vocabulary
IELTS-VOCAB-0316,soil erosion,noun,A major ecological crisis or environmental threat: soil erosion.,,,"Environmental scientists warn that unchecked soil erosion poses severe, irreversible hazards to planetary ecosystems.",Environmental Problems,Deforestation,Detailed Lists for Word Power,http://www.ieltsliz.com/world-environmental-problems-vocabulary
IELTS-VOCAB-0318,surface life,noun,Biological organisms inhabiting terrestrial or upper water environments.,,,Deep oceanic trenches sustain unique organisms adapted to total darkness and extreme pressure unlike surface life.,Environmental Problems,Ozone Layer Depletion,Detailed Lists for Word Power,http://www.ieltsliz.com/world-environmental-problems-vocabulary
IELTS-VOCAB-0320,waste disposal,noun,"The collection, processing, and management of refuse and discarded materials.",,,Inadequate municipal waste disposal infrastructure leads to widespread open burning and severe air pollution.,Environmental Problems,World Population,Detailed Lists for Word Power,http://www.ieltsliz.com/world-environmental-problems-vocabulary
IELTS-VOCAB-0321,weather patterns,noun (plural),Recurring atmospheric meteorological conditions observed over time.,,,"Global climate change has significantly destabilized historical weather patterns, resulting in frequent extreme storms.",Environmental Problems,Climate Change,Detailed Lists for Word Power,http://www.ieltsliz.com/world-environmental-problems-vocabulary
IELTS-VOCAB-0322,yields,noun (plural),The total amount of an agricultural or industrial product produced.,,,Intensive agroecological research aims to maximize crop yields while drastically reducing the use of synthetic fertilizers.,Environmental Problems,Land Degradation,Detailed Lists for Word Power,http://www.ieltsliz.com/world-environmental-problems-vocabulary
IELTS-VOCAB-0323,arresting,verb / participle,Seizing or detaining someone by legal authority; also striking or noticeable.,,,Police detectives completed the sensitive operation of arresting the primary suspect after extensive surveillance.,Extra Practice,Extra Practice,Detailed Lists for Word Power,https://ieltsliz.com/crime-vocabulary-exercise/
IELTS-VOCAB-0326,innocent,adjective,"Not guilty of a crime, offense, or moral wrongdoing.",,,"Under constitutional jurisprudence, an accused individual is presumed innocent until proven guilty beyond reasonable doubt.",Extra Practice,Extra Practice,Detailed Lists for Word Power,https://ieltsliz.com/crime-vocabulary-exercise/
IELTS-VOCAB-0328,sentence,noun,The formal punishment declared by a court of law on a convicted person.,,,The presiding magistrate handed down a seven-year custodial sentence reflecting the gravity of the financial fraud.,Extra Practice,Extra Practice,Detailed Lists for Word Power,https://ieltsliz.com/crime-vocabulary-exercise/
IELTS-VOCAB-0329,suspected,adjective,Believed likely to be responsible or guilty without definitive proof.,,,Public health authorities promptly quarantined the suspected source of bacterial water contamination before illness spread.,Extra Practice,Extra Practice,Detailed Lists for Word Power,https://ieltsliz.com/crime-vocabulary-exercise/
IELTS-VOCAB-0330,citizen,noun,A legally recognized subject or national of a state with civic rights and duties.,,,Every active citizen plays a vital role in democratic governance by voting and participating in community civic forums.,Government,3. Useful Government Vocabulary,Detailed Lists for Word Power,https://ieltsliz.com/government-vocabulary-word-lists/
IELTS-VOCAB-0331,anarchy,noun,"A political system, philosophy, or governance ideology: anarchy.",,,Constitutional scholars examine whether anarchy provides the optimal balance between individual liberty and public order.,Government,2. Synonyms & Types of Government,Detailed Lists for Word Power,https://ieltsliz.com/government-vocabulary-word-lists/
IELTS-VOCAB-0333,autonomy,noun,"A political system, philosophy, or governance ideology: autonomy.",,,Constitutional scholars examine whether autonomy provides the optimal balance between individual liberty and public order.,Government,2. Synonyms & Types of Government,Detailed Lists for Word Power,https://ieltsliz.com/government-vocabulary-word-lists/
IELTS-VOCAB-0334,branches of government,noun (plural),"The distinct divisions of public authority: executive, legislative, and judicial.",,,"Democratic constitutions establish distinct branches of government to distribute legislative, executive, and judicial powers.",Government,3. Useful Government Vocabulary,Detailed Lists for Word Power,https://ieltsliz.com/government-vocabulary-word-lists/
IELTS-VOCAB-0335,budget,noun,An official financial estimate of government income and expenditure for a set period.,,,The finance minister presented a balanced annual budget allocating substantial revenues to renewable energy infrastructure.,Government,3. Useful Government Vocabulary,Detailed Lists for Word Power,https://ieltsliz.com/government-vocabulary-word-lists/
IELTS-VOCAB-0336,campaign,collocation / phrase,A key lexical concept in Government and Politics: campaign.,,,Political analysts observe how the mechanism of campaign shapes public governance and policy formulation.,Government,3. Useful Government Vocabulary,Detailed Lists for Word Power,https://ieltsliz.com/government-vocabulary-word-lists/
IELTS-VOCAB-0337,capitalist,noun,"A political system, philosophy, or governance ideology: capitalist.",,,Constitutional scholars examine whether capitalist provides the optimal balance between individual liberty and public order.,Government,2. Synonyms & Types of Government,Detailed Lists for Word Power,https://ieltsliz.com/government-vocabulary-word-lists/
IELTS-VOCAB-0338,charismatic,adjective,Possessing an inspiring charm or magnetic appeal that fosters devotion.,,,A charismatic political orator can inspire broad public enthusiasm and unite diverse demographic factions.,Government,3. Useful Government Vocabulary,Detailed Lists for Word Power,https://ieltsliz.com/government-vocabulary-word-lists/
IELTS-VOCAB-0339,coalition government,noun,"An official institution, governmental body, or political authority: coalition government.",,,"Political scientists argue that an accountable, transparent coalition government is fundamental to maintaining democratic legitimacy.",Government,2. Synonyms & Types of Government,Detailed Lists for Word Power,https://ieltsliz.com/government-vocabulary-word-lists/
IELTS-VOCAB-0340,communist,noun,"A political system, philosophy, or governance ideology: communist.",,,Constitutional scholars examine whether communist provides the optimal balance between individual liberty and public order.,Government,2. Synonyms & Types of Government,Detailed Lists for Word Power,https://ieltsliz.com/government-vocabulary-word-lists/
IELTS-VOCAB-0341,constitutional government,noun,"An official institution, governmental body, or political authority: constitutional government.",,,"Political scientists argue that an accountable, transparent constitutional government is fundamental to maintaining democratic legitimacy.",Government,2. Synonyms & Types of Government,Detailed Lists for Word Power,https://ieltsliz.com/government-vocabulary-word-lists/
IELTS-VOCAB-0342,defence spending,noun,"Public expenditures allocated to military, defense, and armed forces infrastructure.",,,Economists analyze the opportunity costs when governments increase national defence spending at the expense of healthcare.,Government,3. Useful Government Vocabulary,Detailed Lists for Word Power,https://ieltsliz.com/government-vocabulary-word-lists/
IELTS-VOCAB-0343,democracy,noun,"A political system, philosophy, or governance ideology: democracy.",,,Constitutional scholars examine whether democracy provides the optimal balance between individual liberty and public order.,Government,2. Synonyms & Types of Government,Detailed Lists for Word Power,https://ieltsliz.com/government-vocabulary-word-lists/
IELTS-VOCAB-0344,demonstrations,noun,A key lexical concept in Government and Politics: demonstrations.,,,Political analysts observe how the mechanism of demonstrations shapes public governance and policy formulation.,Government,3. Useful Government Vocabulary,Detailed Lists for Word Power,https://ieltsliz.com/government-vocabulary-word-lists/
IELTS-VOCAB-0345,dictatorship,noun,"A political system, philosophy, or governance ideology: dictatorship.",,,Constitutional scholars examine whether dictatorship provides the optimal balance between individual liberty and public order.,Government,2. Synonyms & Types of Government,Detailed Lists for Word Power,https://ieltsliz.com/government-vocabulary-word-lists/
IELTS-VOCAB-0346,diplomats,noun (plural),Officials representing a country abroad in international diplomacy.,,,"In international relations, skilled diplomats negotiate bilateral treaties to resolve geopolitical tensions peacefully.",Government,3. Useful Government Vocabulary,Detailed Lists for Word Power,https://ieltsliz.com/government-vocabulary-word-lists/
IELTS-VOCAB-0347,election,noun,A formal democratic decision-making process by which a population chooses public officials.,,,International monitors verified that the nationwide general election was conducted transparently and fairly.,Government,3. Useful Government Vocabulary,Detailed Lists for Word Power,https://ieltsliz.com/government-vocabulary-word-lists/
IELTS-VOCAB-0348,enforcement agencies,noun (plural),Government bodies responsible for upholding and enforcing the law.,,,Independent statutory bodies supervise law enforcement agencies to prevent corruption and protect civil rights.,Government,3. Useful Government Vocabulary,Detailed Lists for Word Power,https://ieltsliz.com/government-vocabulary-word-lists/
IELTS-VOCAB-0349,executive branch,noun,"An official institution, governmental body, or political authority: executive branch.",,,"Political scientists argue that an accountable, transparent executive branch is fundamental to maintaining democratic legitimacy.",Government,3. Useful Government Vocabulary,Detailed Lists for Word Power,https://ieltsliz.com/government-vocabulary-word-lists/
IELTS-VOCAB-0350,government,noun,"The governing body or political administration of a nation, state, or community.",,,A representative national government derives its legitimate authority from the consent of the governed citizenry.,Government,1. Word Forms:,Detailed Lists for Word Power,https://ieltsliz.com/government-vocabulary-word-lists/
IELTS-VOCAB-0351,governmental,adjective,Relating to government or public administration.,,,Comprehensive governmental regulations were enacted to protect consumer data privacy across digital platforms.,Government,1. Word Forms:,Detailed Lists for Word Power,https://ieltsliz.com/government-vocabulary-word-lists/
IELTS-VOCAB-0352,judicial branch,noun,"An official institution, governmental body, or political authority: judicial branch.",,,"Political scientists argue that an accountable, transparent judicial branch is fundamental to maintaining democratic legitimacy.",Government,3. Useful Government Vocabulary,Detailed Lists for Word Power,https://ieltsliz.com/government-vocabulary-word-lists/
IELTS-VOCAB-0353,laws,noun,The system of binding rules that a particular country recognizes as regulating the actions of its members.,,,Democratic parliaments enact statutory laws to protect fundamental civil liberties and maintain social harmony.,Government,3. Useful Government Vocabulary,Detailed Lists for Word Power,https://ieltsliz.com/government-vocabulary-word-lists/
IELTS-VOCAB-0354,legislative branch,noun,"An official institution, governmental body, or political authority: legislative branch.",,,"Political scientists argue that an accountable, transparent legislative branch is fundamental to maintaining democratic legitimacy.",Government,3. Useful Government Vocabulary,Detailed Lists for Word Power,https://ieltsliz.com/government-vocabulary-word-lists/
IELTS-VOCAB-0355,liberty,noun,"A political system, philosophy, or governance ideology: liberty.",,,Constitutional scholars examine whether liberty provides the optimal balance between individual liberty and public order.,Government,3. Useful Government Vocabulary,Detailed Lists for Word Power,https://ieltsliz.com/government-vocabulary-word-lists/
IELTS-VOCAB-0356,long-term goals,noun,Strategic objectives planned for achievement over an extended future period.,,,Elected leaders must formulate clear long-term goals for educational reform that extend beyond single electoral cycles.,Government,3. Useful Government Vocabulary,Detailed Lists for Word Power,https://ieltsliz.com/government-vocabulary-word-lists/
IELTS-VOCAB-0357,maintain order,phrase,"To preserve public peace, stability, and adherence to law.",,,"During large-scale civil emergencies, peacekeeping forces are deployed to maintain order and safeguard public assets.",Government,3. Useful Government Vocabulary,Detailed Lists for Word Power,https://ieltsliz.com/government-vocabulary-word-lists/
IELTS-VOCAB-0358,monarchy,noun,"An official institution, governmental body, or political authority: monarchy.",,,"Political scientists argue that an accountable, transparent monarchy is fundamental to maintaining democratic legitimacy.",Government,2. Synonyms & Types of Government,Detailed Lists for Word Power,https://ieltsliz.com/government-vocabulary-word-lists/
IELTS-VOCAB-0359,organise a petition,phrase,To collect signatures from citizens urging governmental authorities to take action.,,,Grassroots environmental activists often organise a petition to demand strict emission controls from parliament.,Government,3. Useful Government Vocabulary,Detailed Lists for Word Power,https://ieltsliz.com/government-vocabulary-word-lists/
IELTS-VOCAB-0360,organise a public meeting,phrase,To coordinate an open civic gathering for public debate and discussion.,,,Municipal town councilors met to organise a public meeting where residents could air urban redevelopment concerns.,Government,3. Useful Government Vocabulary,Detailed Lists for Word Power,https://ieltsliz.com/government-vocabulary-word-lists/
IELTS-VOCAB-0361,policies,noun,A course or principle of action adopted or proposed by a government or organization.,,,Public health authorities introduced evidence-based policies to combat chronic lifestyle diseases across the population.,Government,3. Useful Government Vocabulary,Detailed Lists for Word Power,https://ieltsliz.com/government-vocabulary-word-lists/
IELTS-VOCAB-0362,political party,noun,"An official institution, governmental body, or political authority: political party.",,,"Political scientists argue that an accountable, transparent political party is fundamental to maintaining democratic legitimacy.",Government,3. Useful Government Vocabulary,Detailed Lists for Word Power,https://ieltsliz.com/government-vocabulary-word-lists/
IELTS-VOCAB-0363,politicians,noun (plural),"Persons who are professionally involved in politics, especially as elected members of parliament.",,,Citizens expect elected politicians to prioritize long-term public welfare over short-term partisan interests.,Government,3. Useful Government Vocabulary,Detailed Lists for Word Power,https://ieltsliz.com/government-vocabulary-word-lists/
IELTS-VOCAB-0364,put up posters,phrase,To display public placards or advertisements on noticeboards or walls.,,,Campaign volunteers walked through downtown districts to put up posters advertising the upcoming mayoral debate.,Government,3. Useful Government Vocabulary,Detailed Lists for Word Power,https://ieltsliz.com/government-vocabulary-word-lists/
IELTS-VOCAB-0365,regime,noun,"An official institution, governmental body, or political authority: regime.",,,"Political scientists argue that an accountable, transparent regime is fundamental to maintaining democratic legitimacy.",Government,2. Synonyms & Types of Government,Detailed Lists for Word Power,https://ieltsliz.com/government-vocabulary-word-lists/
IELTS-VOCAB-0366,republic,noun,"An official institution, governmental body, or political authority: republic.",,,"Political scientists argue that an accountable, transparent republic is fundamental to maintaining democratic legitimacy.",Government,2. Synonyms & Types of Government,Detailed Lists for Word Power,https://ieltsliz.com/government-vocabulary-word-lists/
IELTS-VOCAB-0367,rights,noun,Moral or legal entitlements to have or obtain something or to act in a certain way.,,,Constitutional jurisprudence guarantees that fundamental human rights are protected from executive overreach.,Government,3. Useful Government Vocabulary,Detailed Lists for Word Power,https://ieltsliz.com/government-vocabulary-word-lists/
IELTS-VOCAB-0368,speak at public meetings,phrase,To address civic gatherings on matters of community welfare or policy.,,,Community representatives regularly speak at public meetings to ensure neighborhood perspectives are heard.,Government,3. Useful Government Vocabulary,Detailed Lists for Word Power,https://ieltsliz.com/government-vocabulary-word-lists/
IELTS-VOCAB-0369,state government,noun,"An official institution, governmental body, or political authority: state government.",,,"Political scientists argue that an accountable, transparent state government is fundamental to maintaining democratic legitimacy.",Government,3. Useful Government Vocabulary,Detailed Lists for Word Power,https://ieltsliz.com/government-vocabulary-word-lists/
IELTS-VOCAB-0371,taxes,noun,Compulsory financial contributions levied by government on workers' income and business profits.,,,Revenues generated from progressive corporate taxes are reinvested in public education and transportation infrastructure.,Government,3. Useful Government Vocabulary,Detailed Lists for Word Power,https://ieltsliz.com/government-vocabulary-word-lists/
IELTS-VOCAB-0372,the administration,noun,The government in office; executive management of public affairs.,,,The policy directives issued by the administration placed sustainable infrastructure at the forefront of the economic recovery plan.,Government,2. Synonyms & Types of Government,Detailed Lists for Word Power,https://ieltsliz.com/government-vocabulary-word-lists/
IELTS-VOCAB-0373,the authorities,noun,The governing officials or administrators exercising legal power.,,,"During a civil emergency, transparent communication from the authorities is essential for preventing public panic.",Government,2. Synonyms & Types of Government,Detailed Lists for Word Power,https://ieltsliz.com/government-vocabulary-word-lists/
IELTS-VOCAB-0374,the central government,noun,The national executive authority of a sovereign country.,,,Regional governors requested emergency disaster relief funding directly from the central government.,Government,2. Synonyms & Types of Government,Detailed Lists for Word Power,https://ieltsliz.com/government-vocabulary-word-lists/
IELTS-VOCAB-0375,the leadership,noun,The individuals who guide or direct a government or political organization.,,,"During periods of socioeconomic crisis, citizens expect the leadership to demonstrate transparency, strategic vision, and decisiveness.",Government,2. Synonyms & Types of Government,Detailed Lists for Word Power,https://ieltsliz.com/government-vocabulary-word-lists/
IELTS-VOCAB-0376,the local government,noun,"The administration of a town, county, or district by locally elected representatives.",,,Municipal services such as waste collection and park maintenance are administered by the local government.,Government,2. Synonyms & Types of Government,Detailed Lists for Word Power,https://ieltsliz.com/government-vocabulary-word-lists/
IELTS-VOCAB-0377,the people in authority,phrase,Officials holding statutory leadership and decision-making power.,,,Democratic accountability demands that the people in authority remain subject to the rule of law.,Government,2. Synonyms & Types of Government,Detailed Lists for Word Power,https://ieltsliz.com/government-vocabulary-word-lists/
IELTS-VOCAB-0378,the political system,noun,The coordinated framework of government institutions and processes in a country.,,,Constitutional checks and balances prevent authoritarian overreach within the political system.,Government,2. Synonyms & Types of Government,Detailed Lists for Word Power,https://ieltsliz.com/government-vocabulary-word-lists/
IELTS-VOCAB-0379,those in power,phrase,The individuals or groups currently exercising political governance.,,,Investigative journalists play an essential watchdog role in holding those in power accountable to the public.,Government,2. Synonyms & Types of Government,Detailed Lists for Word Power,https://ieltsliz.com/government-vocabulary-word-lists/
IELTS-VOCAB-0380,to abide by a law,phrase,"To respect, follow, and obey legal rules and statutory obligations.",,,Every resident has an undeniable civic responsibility to abide by a law enacted by the democratic legislature.,Government,3. Useful Government Vocabulary,Detailed Lists for Word Power,https://ieltsliz.com/government-vocabulary-word-lists/
IELTS-VOCAB-0381,to be involved in protests,phrase,To take part in public demonstrations expressing political grievance.,,,Civic freedoms entitle citizens to be involved in protests against policies they deem unjust or harmful.,Government,3. Useful Government Vocabulary,Detailed Lists for Word Power,https://ieltsliz.com/government-vocabulary-word-lists/
IELTS-VOCAB-0382,to be proactive,phrase,Taking anticipatory action to manage situations rather than reacting after events occur.,,,Urban administrations need to be proactive when designing civil infrastructure against impending climate challenges.,Government,3. Useful Government Vocabulary,Detailed Lists for Word Power,https://ieltsliz.com/government-vocabulary-word-lists/
IELTS-VOCAB-0383,to elect,phrase,To choose someone to hold public office by casting democratic votes.,,,Registered voters gather at municipal polling stations to elect their parliamentary representatives for the new term.,Government,3. Useful Government Vocabulary,Detailed Lists for Word Power,https://ieltsliz.com/government-vocabulary-word-lists/
IELTS-VOCAB-0384,to govern,phrase,"To exercise official authority, leadership, and political control over a country.",,,A stable majority coalition was formed in parliament to govern the sovereign state during the economic transition.,Government,1. Word Forms:,Detailed Lists for Word Power,https://ieltsliz.com/government-vocabulary-word-lists/
IELTS-VOCAB-0385,political influence,noun,"The capacity to affect government policies, election outcomes, or judicial appointments.",,,Corporate lobbying groups often seek to exercise subtle political influence over legislative committees.,Government,3. Useful Government Vocabulary,Detailed Lists for Word Power,https://ieltsliz.com/government-vocabulary-word-lists/
IELTS-VOCAB-0387,pass a law,phrase,To formally approve and enact a legislative statute into law.,,,Lawmakers across party affiliations collaborated to pass a law capping carbon emissions from heavy industry.,Government,3. Useful Government Vocabulary,Detailed Lists for Word Power,https://ieltsliz.com/government-vocabulary-word-lists/
IELTS-VOCAB-0388,totalitarian state,noun,A centralized government that requires complete subservience to state authority.,,,Citizens living under an oppressive totalitarian state face severe state surveillance and censorship.,Government,2. Synonyms & Types of Government,Detailed Lists for Word Power,https://ieltsliz.com/government-vocabulary-word-lists/
IELTS-VOCAB-0390,write to politicians,phrase,To send letters or communications to elected representatives urging policy changes.,,,Voters frustrated by public transit cutbacks frequently write to politicians to demand immediate reinvestment.,Government,3. Useful Government Vocabulary,Detailed Lists for Word Power,https://ieltsliz.com/government-vocabulary-word-lists/
IELTS-VOCAB-0391,advice column,noun,A dedicated newspaper section offering counsel to readers who write with personal questions.,,,Readers seeking guidance on interpersonal dilemmas frequently write to the daily paper's syndicated advice column.,Newspapers,Newspaper Content,Detailed Lists for Word Power,http://www.ieltsliz.com/newspaper-vocabulary
IELTS-VOCAB-0392,attention-grabbing,adjective,"Attracting immediate public interest, notice, or attention.",,,Editors crafted an attention-grabbing title to encourage online audiences to read the complex economic study.,Newspapers,Other Useful Vocabulary for Newspapers,Detailed Lists for Word Power,http://www.ieltsliz.com/newspaper-vocabulary
IELTS-VOCAB-0393,back issue,noun,A past or previous edition of a newspaper or periodical publication.,,,Archivists retrieved a fragile back issue of the paper dating from the early twentieth century for research.,Newspapers,Other Useful Vocabulary for Newspapers,Detailed Lists for Word Power,http://www.ieltsliz.com/newspaper-vocabulary
IELTS-VOCAB-0394,black and white,noun / adjective,Monochrome printing using only black ink on white paper; simple contrast.,,,Older historical newspapers were printed strictly in black and white before modern offset color printing.,Newspapers,Other Useful Vocabulary for Newspapers,Detailed Lists for Word Power,http://www.ieltsliz.com/newspaper-vocabulary
IELTS-VOCAB-0395,broadsheets,noun (plural),"Newspapers printed on large paper sheets, traditionally associated with serious journalism.",,,Traditional broadsheets are favored by academic readers who seek in-depth investigative political analysis.,Newspapers,Types of Newspapers,Detailed Lists for Word Power,http://www.ieltsliz.com/newspaper-vocabulary
IELTS-VOCAB-0396,business section,noun,"The newspaper section dedicated to commerce, finance, markets, and corporate news.",,,Financial traders analyze the morning business section for up-to-date reporting on interest rate fluctuations.,Newspapers,Newspaper Content,Detailed Lists for Word Power,http://www.ieltsliz.com/newspaper-vocabulary
IELTS-VOCAB-0397,caption,noun,A title or brief explanation accompanying an illustration or photograph.,,,The editor added an explanatory caption beneath the photograph to identify the visiting international delegates.,Newspapers,Newspaper Content,Detailed Lists for Word Power,http://www.ieltsliz.com/newspaper-vocabulary
IELTS-VOCAB-0398,circulation,noun,The total number of copies of a publication distributed on an average day.,,"distribution, readership volume","As digital readership surged, the print newspaper circulation declined significantly over the past decade.",Newspapers,Other Useful Vocabulary for Newspapers,Detailed Lists for Word Power,http://www.ieltsliz.com/newspaper-vocabulary
IELTS-VOCAB-0399,columns,noun (plural),Regular vertical features or recurring opinion pieces written by journalists.,,,The veteran political commentator writes weekly opinion columns examining domestic legislative developments.,Newspapers,Newspaper Content,Detailed Lists for Word Power,http://www.ieltsliz.com/newspaper-vocabulary
IELTS-VOCAB-0400,comic strip,noun,A sequence of illustrated drawings in boxes that tell a story or joke.,,,Weekend newspapers include an illustrated comic strip that provides humorous commentary on everyday domestic life.,Newspapers,Newspaper Content,Detailed Lists for Word Power,http://www.ieltsliz.com/newspaper-vocabulary
IELTS-VOCAB-0401,daily newspaper,noun,A newspaper published every day of the week.,,,Subscribing to a respected daily newspaper helps citizens stay informed on national legislative affairs.,Newspapers,Types of Newspapers,Detailed Lists for Word Power,http://www.ieltsliz.com/newspaper-vocabulary
IELTS-VOCAB-0402,direct quotation,noun,"A report of the exact words of an author or speaker, surrounded by quotation marks.",,,The investigative journalist incorporated a verified direct quotation from the government whistleblower.,Newspapers,Other Useful Vocabulary for Newspapers,Detailed Lists for Word Power,http://www.ieltsliz.com/newspaper-vocabulary
IELTS-VOCAB-0403,edition,noun,A particular version or publication run of a newspaper or book.,,,The evening edition of the metropolitan daily carried updated coverage of the parliamentary election results.,Newspapers,Other Useful Vocabulary for Newspapers,Detailed Lists for Word Power,http://www.ieltsliz.com/newspaper-vocabulary
IELTS-VOCAB-0404,editorial,noun,An article expressing the official collective opinion of the publication's editors.,,"leader, opinion column",The newspaper published a hard-hitting editorial urging parliament to accelerate climate adaptation funding.,Newspapers,Newspaper Content,Detailed Lists for Word Power,http://www.ieltsliz.com/newspaper-vocabulary
IELTS-VOCAB-0405,editorials,noun (plural),Articles expressing the collective opinions of the newspaper's editorial board.,,,Readers compare competing editorials across broadsheets to appreciate diverse perspectives on legal reform.,Newspapers,Practice with Newspaper Vocabulary,Detailed Lists for Word Power,http://www.ieltsliz.com/newspaper-vocabulary
IELTS-VOCAB-0406,eye-catch,verb / adjective,Designed to quickly seize visual attention; eye-catching.,,,Clever use of contrasting bold typography is employed to eye-catch potential readers browsing a newsstand.,Newspapers,Error Correction,Detailed Lists for Word Power,http://www.ieltsliz.com/newspaper-vocabulary
IELTS-VOCAB-0407,eye-catching,adjective,"Visually striking, attractive, or noticeable.",,"striking, attractive, noticeable",The front-cover design featured an eye-catching graphic illustration depicting global renewable energy progress.,Newspapers,Other Useful Vocabulary for Newspapers,Detailed Lists for Word Power,http://www.ieltsliz.com/newspaper-vocabulary
IELTS-VOCAB-0408,fact checker,noun,A professional whose role is to confirm the factual accuracy of journalistic text.,,,Every credible publishing house employs a diligent fact checker to verify data and dates prior to publication.,Newspapers,Practice with Newspaper Vocabulary,Detailed Lists for Word Power,http://www.ieltsliz.com/newspaper-vocabulary
IELTS-VOCAB-0409,fact checkers,noun (plural),Professionals who verify the factual accuracy of claims made in media.,,,"In an era of viral rumors, independent fact checkers play an indispensable role in maintaining journalistic integrity.",Newspapers,Other Useful Vocabulary for Newspapers,Detailed Lists for Word Power,http://www.ieltsliz.com/newspaper-vocabulary
IELTS-VOCAB-0410,front page,noun,The very first page of a newspaper containing the most important lead news.,,,The historic treaty signing was featured prominently on the front page of every major international newspaper.,Newspapers,Other Useful Vocabulary for Newspapers,Detailed Lists for Word Power,http://www.ieltsliz.com/newspaper-vocabulary
IELTS-VOCAB-0411,gutter press,noun,Sensationalist journalism that investigates and publishes private or scandalous details.,,,Media watchdogs criticize the invasive practices of the gutter press for prioritizing sensation over truth.,Newspapers,Types of Newspapers,Detailed Lists for Word Power,http://www.ieltsliz.com/newspaper-vocabulary
IELTS-VOCAB-0412,headlines,noun (plural),The heading or title at the top of an article or page in a newspaper.,,,Sensational newspaper headlines are engineered to attract readers' attention at newsstands and on digital feeds.,Newspapers,Newspaper Content,Detailed Lists for Word Power,http://www.ieltsliz.com/newspaper-vocabulary
IELTS-VOCAB-0413,heavy newspaper,noun phrase,"A substantial, multi-section printed newspaper with extensive content.",,,"The weekend broadsheet was a heavy newspaper containing multiple supplements, book reviews, and magazines.",Newspapers,Types of Newspapers,Detailed Lists for Word Power,http://www.ieltsliz.com/newspaper-vocabulary
IELTS-VOCAB-0414,horoscope,noun,A forecast of a person's future based on relative celestial positions at birth.,,,"Although lacking scientific basis, the astrological horoscope remains one of the paper's most widely read features.",Newspapers,Newspaper Content,Detailed Lists for Word Power,http://www.ieltsliz.com/newspaper-vocabulary
IELTS-VOCAB-0416,hot off the press,idiom,"Freshly printed and released; carrying the latest, most recent breaking news.",,,Copies of the special edition arrived hot off the press just as voters began arriving at the convention hall.,Newspapers,Other Useful Vocabulary for Newspapers,Detailed Lists for Word Power,http://www.ieltsliz.com/newspaper-vocabulary
IELTS-VOCAB-0417,hound,verb,"To pursue, harass, or pester someone relentlessly.",,,Aggressive paparazzi continued to hound prominent public figures in defiance of ethical privacy standards.,Newspapers,Error Correction,Detailed Lists for Word Power,http://www.ieltsliz.com/newspaper-vocabulary
IELTS-VOCAB-0418,in-depth,adjective,"Comprehensive, thorough, and exhaustive in scope and detail.",,,The Sunday edition carried an in-depth analytical investigation examining systemic inequalities in public housing.,Newspapers,Other Useful Vocabulary for Newspapers,Detailed Lists for Word Power,http://www.ieltsliz.com/newspaper-vocabulary
IELTS-VOCAB-0419,world news section,noun,The newspaper section containing reporting on international events outside the host nation.,,,International affairs analysts turn directly to the world news section to review geopolitical developments.,Newspapers,Newspaper Content,Detailed Lists for Word Power,http://www.ieltsliz.com/newspaper-vocabulary
IELTS-VOCAB-0420,issue,noun,A single distinct release or installment of a regular publication.,,,The latest monthly issue of the magazine features an extensive profile on renewable energy innovation.,Newspapers,Other Useful Vocabulary for Newspapers,Detailed Lists for Word Power,http://www.ieltsliz.com/newspaper-vocabulary
IELTS-VOCAB-0421,layout,noun,"The structural arrangement of text, headlines, and imagery on a printed or digital page.",,,Modern graphic designers revamp the newspaper layout to improve visual legibility and hierarchy on small screens.,Newspapers,Other Useful Vocabulary for Newspapers,Detailed Lists for Word Power,http://www.ieltsliz.com/newspaper-vocabulary
IELTS-VOCAB-0422,letter to the editor,noun,A published letter written by a reader to express an opinion on a recent article or issue.,,,A retired civil servant submitted a thoughtful letter to the editor regarding proposed municipal zoning laws.,Newspapers,Newspaper Content,Detailed Lists for Word Power,http://www.ieltsliz.com/newspaper-vocabulary
IELTS-VOCAB-0423,local newspaper,noun,A newspaper published for and distributed in a specific local town or district.,,,Residents rely on the independent local newspaper for accurate coverage of community planning proposals.,Newspapers,Types of Newspapers,Detailed Lists for Word Power,http://www.ieltsliz.com/newspaper-vocabulary
IELTS-VOCAB-0424,national newspaper,noun,A newspaper circulated across the entire territory of a country.,,,An investigative report published by a national newspaper prompted a parliamentary inquiry into municipal corruption.,Newspapers,Types of Newspapers,Detailed Lists for Word Power,http://www.ieltsliz.com/newspaper-vocabulary
IELTS-VOCAB-0425,obituaries,noun (plural),Published notices or biographies commemorating individuals who have recently died.,,,The newspaper's poignant obituaries honor the lives and historical contributions of recently deceased scholars.,Newspapers,Newspaper Content,Detailed Lists for Word Power,http://www.ieltsliz.com/newspaper-vocabulary
IELTS-VOCAB-0426,paparazzi,noun (plural),Freelance photographers who pursue public figures to photograph them candidly.,,,Independent press standards committees penalize aggressive paparazzi who stalk celebrities in private spaces.,Newspapers,Other Useful Vocabulary for Newspapers,Detailed Lists for Word Power,http://www.ieltsliz.com/newspaper-vocabulary
IELTS-VOCAB-0427,periodical,noun,"A magazine, newspaper, or journal published at regular intervals.",,,The university library subscribes to every major international periodical in the field of macroeconomic policy.,Newspapers,Types of Newspapers,Detailed Lists for Word Power,http://www.ieltsliz.com/newspaper-vocabulary
IELTS-VOCAB-0428,proof reader,noun,A person who reads and marks corrections on printer proofs or draft texts.,,,The publishing house hired a meticulous proof reader to correct grammatical errors before the edition went to print.,Newspapers,Other Useful Vocabulary for Newspapers,Detailed Lists for Word Power,http://www.ieltsliz.com/newspaper-vocabulary
IELTS-VOCAB-0429,quarterly newspapers,noun (plural),Periodical publications released four times a year.,,,Specialized academic institutions frequently publish quarterly newspapers reviewing recent scientific discoveries.,Newspapers,Types of Newspapers,Detailed Lists for Word Power,http://www.ieltsliz.com/newspaper-vocabulary
IELTS-VOCAB-0430,quote,noun,A statement or passage cited directly from an authoritative source.,,,The investigative reporter obtained a candid quote from the finance minister during the press conference.,Newspapers,Error Correction,Detailed Lists for Word Power,http://www.ieltsliz.com/newspaper-vocabulary
IELTS-VOCAB-0431,readership,noun,The collective audience or body of readers of a particular publication.,,,"By launching an intuitive mobile application, the regional daily newspaper doubled its youth readership.",Newspapers,Other Useful Vocabulary for Newspapers,Detailed Lists for Word Power,http://www.ieltsliz.com/newspaper-vocabulary
IELTS-VOCAB-0432,regional news,noun,Journalistic reporting focused on events and affairs within a specific geographic territory.,,,Local radio and print outlets collaborate to provide comprehensive coverage of critical regional news.,Newspapers,Practice with Newspaper Vocabulary,Detailed Lists for Word Power,http://www.ieltsliz.com/newspaper-vocabulary
IELTS-VOCAB-0433,relate,verb,"To establish a connection, association, or understanding with something.",,,Good journalists explain complex macroeconomic trends so that everyday citizens can relate the figures to their lives.,Newspapers,Error Correction,Detailed Lists for Word Power,http://www.ieltsliz.com/newspaper-vocabulary
IELTS-VOCAB-0434,relevent,adjective,Closely connected or appropriate to the matter at hand (variant spelling).,,,News editors ensure that every published statistical chart is directly relevent to the featured policy topic.,Newspapers,Error Correction,Detailed Lists for Word Power,http://www.ieltsliz.com/newspaper-vocabulary
IELTS-VOCAB-0435,sensational news,noun,"Exaggerated, sensationalized, or shocking reporting designed to provoke emotional reactions.",,,Responsible journalists resist the temptation to produce sensational news solely to inflate digital page views.,Newspapers,Other Useful Vocabulary for Newspapers,Detailed Lists for Word Power,http://www.ieltsliz.com/newspaper-vocabulary
IELTS-VOCAB-0436,special feature,noun,"A substantial, prominent article or section devoted to a particular topic of interest.",,,The weekend newspaper ran an extensive four-page special feature investigating artificial intelligence ethics.,Newspapers,Newspaper Content,Detailed Lists for Word Power,http://www.ieltsliz.com/newspaper-vocabulary
IELTS-VOCAB-0437,subject matter,noun,"The topic, theme, or material under discussion or representation in an article.",,,The controversial subject matter of the investigative documentary sparked widespread civic debate.,Newspapers,Other Useful Vocabulary for Newspapers,Detailed Lists for Word Power,http://www.ieltsliz.com/newspaper-vocabulary
IELTS-VOCAB-0438,supplementary magazine,noun,An additional magazine included alongside the primary newspaper.,,,"The Sunday edition includes a glossy supplementary magazine featuring articles on literature, art, and travel.",Newspapers,Other Useful Vocabulary for Newspapers,Detailed Lists for Word Power,http://www.ieltsliz.com/newspaper-vocabulary
IELTS-VOCAB-0439,Tabloid,noun,"A popular newspaper having pages half the size of a broadsheet, typically featuring sensational content.",,"sensational press, gossip daily",The sensational tabloid attracted millions of readers with dramatic celebrity scandals and striking photography.,Newspapers,Error Correction,Detailed Lists for Word Power,http://www.ieltsliz.com/newspaper-vocabulary
IELTS-VOCAB-0440,tabloids,noun (plural),Popular newspapers focused on sensational stories and entertainment news.,,,Sociologists critique how sensational tabloids often distort complex political debates into superficial celebrity gossip.,Newspapers,Types of Newspapers,Detailed Lists for Word Power,http://www.ieltsliz.com/newspaper-vocabulary
IELTS-VOCAB-0441,TV guide,noun,A journalistic concept in media studies: TV guide.,,,Media commentators debate how modern digital reporting influences public perception of the TV guide.,Newspapers,Newspaper Content,Detailed Lists for Word Power,http://www.ieltsliz.com/newspaper-vocabulary
IELTS-VOCAB-0442,weather report,noun,A published forecast describing expected meteorological conditions.,,,Farmers consult the daily newspaper weather report to anticipate seasonal precipitation and frost risks.,Newspapers,Newspaper Content,Detailed Lists for Word Power,http://www.ieltsliz.com/newspaper-vocabulary
IELTS-VOCAB-0443,tree trunk,noun,A botanical structure or anatomical plant feature: tree trunk.,,,Botanists examine how the structural development of the tree trunk supports vital nutrient transport and photosynthesis.,Plants: Speaking Topic Vocabulary,Plants: Speaking Topic Vocabulary,Detailed Lists for Word Power,https://ieltsliz.com/vocabulary-for-plant-topic-ielts-speaking/
IELTS-VOCAB-0444,native tree,noun,A botanical species or plant category: native tree.,,,Horticulturalists explain that cultivating healthy native tree requires balanced soil moisture and appropriate sunlight.,Plants: Speaking Topic Vocabulary,Plants: Speaking Topic Vocabulary,Detailed Lists for Word Power,https://ieltsliz.com/vocabulary-for-plant-topic-ielts-speaking/
IELTS-VOCAB-0447,automatic watering system,noun,"A horticultural technique, input, or care concept: automatic watering system.",,,Maintaining adequate automatic watering system is essential for ensuring robust root development and sustained plant health.,Plants: Speaking Topic Vocabulary,Plants: Speaking Topic Vocabulary,Detailed Lists for Word Power,https://ieltsliz.com/vocabulary-for-plant-topic-ielts-speaking/
IELTS-VOCAB-0448,bamboo,noun,A botanical species or plant category: bamboo.,,,Horticulturalists explain that cultivating healthy bamboo requires balanced soil moisture and appropriate sunlight.,Plants: Speaking Topic Vocabulary,Plants: Speaking Topic Vocabulary,Detailed Lists for Word Power,https://ieltsliz.com/vocabulary-for-plant-topic-ielts-speaking/
IELTS-VOCAB-0449,begonia,noun,A botanical species or plant category: begonia.,,,Horticulturalists explain that cultivating healthy begonia requires balanced soil moisture and appropriate sunlight.,Plants: Speaking Topic Vocabulary,Plants: Speaking Topic Vocabulary,Detailed Lists for Word Power,https://ieltsliz.com/vocabulary-for-plant-topic-ielts-speaking/
IELTS-VOCAB-0450,bloom,noun,A botanical structure or anatomical plant feature: bloom.,,,Botanists examine how the structural development of the bloom supports vital nutrient transport and photosynthesis.,Plants: Speaking Topic Vocabulary,Plants: Speaking Topic Vocabulary,Detailed Lists for Word Power,https://ieltsliz.com/vocabulary-for-plant-topic-ielts-speaking/
IELTS-VOCAB-0451,blossom,noun,A botanical structure or anatomical plant feature: blossom.,,,Botanists examine how the structural development of the blossom supports vital nutrient transport and photosynthesis.,Plants: Speaking Topic Vocabulary,Plants: Speaking Topic Vocabulary,Detailed Lists for Word Power,https://ieltsliz.com/vocabulary-for-plant-topic-ielts-speaking/
IELTS-VOCAB-0452,botanist,noun,"A horticultural technique, input, or care concept: botanist.",,,Maintaining adequate botanist is essential for ensuring robust root development and sustained plant health.,Plants: Speaking Topic Vocabulary,Plants: Speaking Topic Vocabulary,Detailed Lists for Word Power,https://ieltsliz.com/vocabulary-for-plant-topic-ielts-speaking/
IELTS-VOCAB-0453,cactus,noun,A botanical species or plant category: cactus.,,,Horticulturalists explain that cultivating healthy cactus requires balanced soil moisture and appropriate sunlight.,Plants: Speaking Topic Vocabulary,Plants: Speaking Topic Vocabulary,Detailed Lists for Word Power,https://ieltsliz.com/vocabulary-for-plant-topic-ielts-speaking/
IELTS-VOCAB-0454,compost,noun,"A horticultural technique, input, or care concept: compost.",,,Maintaining adequate compost is essential for ensuring robust root development and sustained plant health.,Plants: Speaking Topic Vocabulary,Plants: Speaking Topic Vocabulary,Detailed Lists for Word Power,https://ieltsliz.com/vocabulary-for-plant-topic-ielts-speaking/
IELTS-VOCAB-0455,drainage,noun,"A horticultural technique, input, or care concept: drainage.",,,Maintaining adequate drainage is essential for ensuring robust root development and sustained plant health.,Plants: Speaking Topic Vocabulary,Plants: Speaking Topic Vocabulary,Detailed Lists for Word Power,https://ieltsliz.com/vocabulary-for-plant-topic-ielts-speaking/
IELTS-VOCAB-0456,easy to maintain,phrase,"Requiring minimal care, effort, or intervention to keep in good condition.",,,Succulents and cacti are popular indoor houseplants because they are exceptionally easy to maintain.,Plants: Speaking Topic Vocabulary,Plants: Speaking Topic Vocabulary,Detailed Lists for Word Power,https://ieltsliz.com/vocabulary-for-plant-topic-ielts-speaking/
IELTS-VOCAB-0457,flowering plants,noun (plural),Angiosperms; plants that produce flowers and seed-bearing fruit.,,,Botanical conservatories showcase hundreds of diverse flowering plants to promote public ecological education.,Plants: Speaking Topic Vocabulary,Plants: Speaking Topic Vocabulary,Detailed Lists for Word Power,https://ieltsliz.com/vocabulary-for-plant-topic-ielts-speaking/
IELTS-VOCAB-0458,foliage,noun,A botanical structure or anatomical plant feature: foliage.,,,Botanists examine how the structural development of the foliage supports vital nutrient transport and photosynthesis.,Plants: Speaking Topic Vocabulary,Plants: Speaking Topic Vocabulary,Detailed Lists for Word Power,https://ieltsliz.com/vocabulary-for-plant-topic-ielts-speaking/
IELTS-VOCAB-0459,sunlight,noun,"A horticultural technique, input, or care concept: sunlight.",,,Maintaining adequate sunlight is essential for ensuring robust root development and sustained plant health.,Plants: Speaking Topic Vocabulary,Plants: Speaking Topic Vocabulary,Detailed Lists for Word Power,https://ieltsliz.com/vocabulary-for-plant-topic-ielts-speaking/
IELTS-VOCAB-0460,geraniums,noun (plural),Flowering plants of the genus Geranium widely cultivated in gardens.,,,Potted geraniums are popular balcony ornamentals because they produce colorful blossoms throughout the summer.,Plants: Speaking Topic Vocabulary,Plants: Speaking Topic Vocabulary,Detailed Lists for Word Power,https://ieltsliz.com/vocabulary-for-plant-topic-ielts-speaking/
IELTS-VOCAB-0461,herbs grown in pots,phrase,Culinary herbs cultivated within compact household containers.,,,Urban apartment dwellers frequently cultivate herbs grown in pots on sunny kitchen windowsills.,Plants: Speaking Topic Vocabulary,Plants: Speaking Topic Vocabulary,Detailed Lists for Word Power,https://ieltsliz.com/vocabulary-for-plant-topic-ielts-speaking/
IELTS-VOCAB-0462,leaves,noun (plural),The flattened green structures of a plant where photosynthesis occurs.,,,"During autumn, deciduous tree leaves lose their green chlorophyll, revealing brilliant orange and yellow tones.",Plants: Speaking Topic Vocabulary,Plants: Speaking Topic Vocabulary,Detailed Lists for Word Power,https://ieltsliz.com/vocabulary-for-plant-topic-ielts-speaking/
IELTS-VOCAB-0463,leaves turning yellow,phrase,Foliage chlorosis signaling physiological stress or nutrient deficit in plants.,,,Experienced gardeners recognize that leaves turning yellow typically indicate overwatering or nutrient deficiency.,Plants: Speaking Topic Vocabulary,Plants: Speaking Topic Vocabulary,Detailed Lists for Word Power,https://ieltsliz.com/vocabulary-for-plant-topic-ielts-speaking/
IELTS-VOCAB-0464,branches,noun (plural),The woody structural limbs growing out from the trunk of a tree.,,,Heavy snowfall during severe winter storms can cause fragile tree branches to snap and disrupt power cables.,Plants: Speaking Topic Vocabulary,Plants: Speaking Topic Vocabulary,Detailed Lists for Word Power,https://ieltsliz.com/vocabulary-for-plant-topic-ielts-speaking/
IELTS-VOCAB-0465,longevity,noun,"A horticultural technique, input, or care concept: longevity.",,,Maintaining adequate longevity is essential for ensuring robust root development and sustained plant health.,Plants: Speaking Topic Vocabulary,Plants: Speaking Topic Vocabulary,Detailed Lists for Word Power,https://ieltsliz.com/vocabulary-for-plant-topic-ielts-speaking/
IELTS-VOCAB-0466,lush,adjective,Growing luxuriantly; abundant in green vegetation.,,,"Abundant seasonal precipitation and warmth produce lush, vibrant foliage throughout the botanical gardens.",Plants: Speaking Topic Vocabulary,Plants: Speaking Topic Vocabulary,Detailed Lists for Word Power,https://ieltsliz.com/vocabulary-for-plant-topic-ielts-speaking/
IELTS-VOCAB-0467,north facing window,phrase,"A window oriented northward that receives gentle, indirect ambient sunlight.",,,Shade-tolerant indoor ferns thrive best when positioned beside a north facing window with indirect light.,Plants: Speaking Topic Vocabulary,Plants: Speaking Topic Vocabulary,Detailed Lists for Word Power,https://ieltsliz.com/vocabulary-for-plant-topic-ielts-speaking/
IELTS-VOCAB-0468,orchids,noun (plural),"Complex flowering plants known for their intricate, colorful blooms.",,,Tropical botanical greenhouses cultivate delicate orchids under rigorously controlled humidity and indirect light.,Plants: Speaking Topic Vocabulary,Plants: Speaking Topic Vocabulary,Detailed Lists for Word Power,https://ieltsliz.com/vocabulary-for-plant-topic-ielts-speaking/
IELTS-VOCAB-0469,ornamental tree,noun,A botanical species or plant category: ornamental tree.,,,Horticulturalists explain that cultivating healthy ornamental tree requires balanced soil moisture and appropriate sunlight.,Plants: Speaking Topic Vocabulary,Plants: Speaking Topic Vocabulary,Detailed Lists for Word Power,https://ieltsliz.com/vocabulary-for-plant-topic-ielts-speaking/
IELTS-VOCAB-0470,palm,noun,A botanical species or plant category: palm.,,,Horticulturalists explain that cultivating healthy palm requires balanced soil moisture and appropriate sunlight.,Plants: Speaking Topic Vocabulary,Plants: Speaking Topic Vocabulary,Detailed Lists for Word Power,https://ieltsliz.com/vocabulary-for-plant-topic-ielts-speaking/
IELTS-VOCAB-0471,peace lily,noun,A botanical species or plant category: peace lily.,,,Horticulturalists explain that cultivating healthy peace lily requires balanced soil moisture and appropriate sunlight.,Plants: Speaking Topic Vocabulary,Plants: Speaking Topic Vocabulary,Detailed Lists for Word Power,https://ieltsliz.com/vocabulary-for-plant-topic-ielts-speaking/
IELTS-VOCAB-0472,perennial,noun,A botanical species or plant category: perennial.,,,Horticulturalists explain that cultivating healthy perennial requires balanced soil moisture and appropriate sunlight.,Plants: Speaking Topic Vocabulary,Plants: Speaking Topic Vocabulary,Detailed Lists for Word Power,https://ieltsliz.com/vocabulary-for-plant-topic-ielts-speaking/
IELTS-VOCAB-0473,petals,noun (plural),The modified leaves that surround the reproductive parts of flowers.,,,Brightly colored floral petals attract vital pollinating insects such as bees and hummingbirds.,Plants: Speaking Topic Vocabulary,Plants: Speaking Topic Vocabulary,Detailed Lists for Word Power,https://ieltsliz.com/vocabulary-for-plant-topic-ielts-speaking/
IELTS-VOCAB-0474,plant feed,noun,"A horticultural technique, input, or care concept: plant feed.",,,Maintaining adequate plant feed is essential for ensuring robust root development and sustained plant health.,Plants: Speaking Topic Vocabulary,Plants: Speaking Topic Vocabulary,Detailed Lists for Word Power,https://ieltsliz.com/vocabulary-for-plant-topic-ielts-speaking/
IELTS-VOCAB-0475,pruning,noun,"A horticultural technique, input, or care concept: pruning.",,,Maintaining adequate pruning is essential for ensuring robust root development and sustained plant health.,Plants: Speaking Topic Vocabulary,Plants: Speaking Topic Vocabulary,Detailed Lists for Word Power,https://ieltsliz.com/vocabulary-for-plant-topic-ielts-speaking/
IELTS-VOCAB-0476,re-potting,noun,"A horticultural technique, input, or care concept: re-potting.",,,Maintaining adequate re-potting is essential for ensuring robust root development and sustained plant health.,Plants: Speaking Topic Vocabulary,Plants: Speaking Topic Vocabulary,Detailed Lists for Word Power,https://ieltsliz.com/vocabulary-for-plant-topic-ielts-speaking/
IELTS-VOCAB-0477,root system,noun,A botanical structure or anatomical plant feature: root system.,,,Botanists examine how the structural development of the root system supports vital nutrient transport and photosynthesis.,Plants: Speaking Topic Vocabulary,Plants: Speaking Topic Vocabulary,Detailed Lists for Word Power,https://ieltsliz.com/vocabulary-for-plant-topic-ielts-speaking/
IELTS-VOCAB-0478,roses,noun (plural),Prickly flowering shrubs renowned for their fragrant and colorful blossoms.,,,"Cultivating prize-winning hybrid roses requires meticulous seasonal pruning and nutrient-rich, well-drained soil.",Plants: Speaking Topic Vocabulary,Plants: Speaking Topic Vocabulary,Detailed Lists for Word Power,https://ieltsliz.com/vocabulary-for-plant-topic-ielts-speaking/
IELTS-VOCAB-0479,small plants for the window sill,phrase,Miniature indoor houseplants suited for narrow window ledges.,,,Compact succulent varieties make charming small plants for the window sill due to their tidy growth habits.,Plants: Speaking Topic Vocabulary,Plants: Speaking Topic Vocabulary,Detailed Lists for Word Power,https://ieltsliz.com/vocabulary-for-plant-topic-ielts-speaking/
IELTS-VOCAB-0480,soil,noun,A botanical structure or anatomical plant feature: soil.,,,Botanists examine how the structural development of the soil supports vital nutrient transport and photosynthesis.,Plants: Speaking Topic Vocabulary,Plants: Speaking Topic Vocabulary,Detailed Lists for Word Power,https://ieltsliz.com/vocabulary-for-plant-topic-ielts-speaking/
IELTS-VOCAB-0481,stem,noun,A botanical structure or anatomical plant feature: stem.,,,Botanists examine how the structural development of the stem supports vital nutrient transport and photosynthesis.,Plants: Speaking Topic Vocabulary,Plants: Speaking Topic Vocabulary,Detailed Lists for Word Power,https://ieltsliz.com/vocabulary-for-plant-topic-ielts-speaking/
IELTS-VOCAB-0482,to have green fingers,idiom / phrase,To have a natural talent for gardening and making plants grow successfully.,,,My grandmother is widely admired in the neighborhood for her rare ability to have green fingers in any garden.,Plants: Speaking Topic Vocabulary,Plants: Speaking Topic Vocabulary,Detailed Lists for Word Power,https://ieltsliz.com/vocabulary-for-plant-topic-ielts-speaking/
IELTS-VOCAB-0483,tropical species,noun,A botanical species or plant category: tropical species.,,,Horticulturalists explain that cultivating healthy tropical species requires balanced soil moisture and appropriate sunlight.,Plants: Speaking Topic Vocabulary,Plants: Speaking Topic Vocabulary,Detailed Lists for Word Power,https://ieltsliz.com/vocabulary-for-plant-topic-ielts-speaking/
IELTS-VOCAB-0484,twigs,noun (plural),"Slender, woody terminal shoots of a tree or branch.",,,Small woodland birds gather dry twigs and fallen leaves to weave sturdy protective nests in high canopies.,Plants: Speaking Topic Vocabulary,Plants: Speaking Topic Vocabulary,Detailed Lists for Word Power,https://ieltsliz.com/vocabulary-for-plant-topic-ielts-speaking/
IELTS-VOCAB-0485,variety of colours,phrase,A diverse assortment of distinct hues and chromatic shades.,,,Modern horticultural breeding has produced flowering perennials boasting a spectacular variety of colours.,Plants: Speaking Topic Vocabulary,Plants: Speaking Topic Vocabulary,Detailed Lists for Word Power,https://ieltsliz.com/vocabulary-for-plant-topic-ielts-speaking/
IELTS-VOCAB-0486,vegetables grown in pots,phrase,Nutritious edible produce cultivated in domestic containers.,,,Balcony container gardening enables urban residents to harvest fresh vegetables grown in pots easily.,Plants: Speaking Topic Vocabulary,Plants: Speaking Topic Vocabulary,Detailed Lists for Word Power,https://ieltsliz.com/vocabulary-for-plant-topic-ielts-speaking/
IELTS-VOCAB-0487,watering,noun,"A horticultural technique, input, or care concept: watering.",,,Maintaining adequate watering is essential for ensuring robust root development and sustained plant health.,Plants: Speaking Topic Vocabulary,Plants: Speaking Topic Vocabulary,Detailed Lists for Word Power,https://ieltsliz.com/vocabulary-for-plant-topic-ielts-speaking/
IELTS-VOCAB-0488,wilting,noun / verb,Drooping and loss of rigidity in plant leaves caused by lack of water.,,,"Prolonged moisture deficit causes sudden leaf wilting, indicating that immediate soil hydration is required.",Plants: Speaking Topic Vocabulary,Plants: Speaking Topic Vocabulary,Detailed Lists for Word Power,https://ieltsliz.com/vocabulary-for-plant-topic-ielts-speaking/
IELTS-VOCAB-0489,urbanization,noun,The process of making an area more urban; the progressive movement of populations into cities.,,,Rapid urbanization requires city planners to construct high-capacity public transport and sustainable stormwater systems.,Urban Planning: Vocab & Model Answers,Useful Vocabulary for Buildings and Urban Planning Topic,Detailed Lists for Word Power,https://ieltsliz.com/ielts-topic-urban-planning-design/
IELTS-VOCAB-0490,decentralizing services,phrase,Distributing administrative and civic functions away from a central metropolitan core.,,,Municipal governments promote decentralizing services to reduce congestion and stimulate economic growth in outer suburban rings.,Urban Planning: Vocab & Model Answers,Useful Vocabulary for Buildings and Urban Planning Topic,Detailed Lists for Word Power,https://ieltsliz.com/ielts-topic-urban-planning-design/
IELTS-VOCAB-0491,city layout,noun,"The spatial arrangement and structural design of urban zones, thoroughfares, and districts.",,,"An efficient city layout incorporates wide pedestrian corridors, dedicated cycle lanes, and accessible green open spaces.",Urban Planning: Vocab & Model Answers,Useful Vocabulary for Buildings and Urban Planning Topic,Detailed Lists for Word Power,https://ieltsliz.com/ielts-topic-urban-planning-design/
IELTS-VOCAB-0492,building safety,noun,Statutory construction codes ensuring structural integrity and fire prevention in architecture.,,,Rigorous municipal building safety standards are enforced to ensure that modern high-rises can withstand major seismic shocks.,Urban Planning: Vocab & Model Answers,Useful Vocabulary for Buildings and Urban Planning Topic,Detailed Lists for Word Power,https://ieltsliz.com/ielts-topic-urban-planning-design/
IELTS-VOCAB-0493,attract investment,phrase,To entice commercial capital and business funding into a regional municipality.,,,Municipal authorities offer tax incentives and upgraded digital infrastructure to attract investment into urban tech hubs.,Urban Planning: Vocab & Model Answers,Useful Vocabulary for Buildings and Urban Planning Topic,Detailed Lists for Word Power,https://ieltsliz.com/ielts-topic-urban-planning-design/
IELTS-VOCAB-0494,commercial centres,noun (plural),"Designated urban districts where trade, corporate offices, and retail businesses predominate.",,,Urban redevelopment projects revitalize historic commercial centres by integrating modern shopping plazas with pedestrian malls.,Urban Planning: Vocab & Model Answers,Useful Vocabulary for Buildings and Urban Planning Topic,Detailed Lists for Word Power,https://ieltsliz.com/ielts-topic-urban-planning-design/
IELTS-VOCAB-0495,heritage sites,noun (plural),"Locations, monuments, or buildings possessing recognized historical, cultural, or aesthetic value.",,,Urban planners implement strict conservation regulations to safeguard architectural heritage sites from demolition.,Urban Planning: Vocab & Model Answers,Useful Vocabulary for Buildings and Urban Planning Topic,Detailed Lists for Word Power,https://ieltsliz.com/ielts-topic-urban-planning-design/
IELTS-VOCAB-0496,relocating business,phrase,Moving commercial or industrial operations from one geographic area to another.,,,Subsidies for relocating business to provincial enterprise parks have successfully relieved traffic pressure on the capital.,Urban Planning: Vocab & Model Answers,Useful Vocabulary for Buildings and Urban Planning Topic,Detailed Lists for Word Power,https://ieltsliz.com/ielts-topic-urban-planning-design/
IELTS-VOCAB-0497,requalify buildings,phrase,"To adapt, renovate, or repurpose existing structures for new public or functional uses.",,,Architects collaborate with municipal councils to requalify buildings from industrial eras into modern community centers.,Urban Planning: Vocab & Model Answers,Useful Vocabulary for Buildings and Urban Planning Topic,Detailed Lists for Word Power,https://ieltsliz.com/ielts-topic-urban-planning-design/
IELTS-VOCAB-0499,urban landscape,noun,"The visual and spatial environment of a city, including architectural structures and open spaces.",,,Planting native canopy trees and designing community parks substantially enhances the aesthetic appeal of the urban landscape.,Urban Planning: Vocab & Model Answers,Useful Vocabulary for Buildings and Urban Planning Topic,Detailed Lists for Word Power,https://ieltsliz.com/ielts-topic-urban-planning-design/
IELTS-VOCAB-0500,urban growth,noun,The physical expansion and demographic enlargement of metropolitan metropolitan zones.,,,Strategic zoning laws ensure that future urban growth proceeds in a socially inclusive and environmentally sustainable manner.,Urban Planning: Vocab & Model Answers,Useful Vocabulary for Buildings and Urban Planning Topic,Detailed Lists for Word Power,https://ieltsliz.com/ielts-topic-urban-planning-design/
IELTS-VOCAB-0502,unsustainable growth,noun phrase,Urban development that depletes natural resources and cannot be maintained over time.,,,Uncontrolled suburban sprawl without mass transit infrastructure results in unsustainable growth and environmental degradation.,Urban Planning: Vocab & Model Answers,Useful Vocabulary for Buildings and Urban Planning Topic,Detailed Lists for Word Power,https://ieltsliz.com/ielts-topic-urban-planning-design/
IELTS-VOCAB-0503,dissonance,noun,"A state of tension, disharmony, or conflict between contradictory beliefs.",,,Cognitive dissonance arises when an individual's outward behavior directly contradicts their deeply held ethical values.,Academic Reading Vocabulary List 1,Academic Reading Vocabulary List 1,Individual Words for IELTS,https://ieltsliz.com/academic-vocabulary/
IELTS-VOCAB-0504,falter,verb,"To hesitate, lose strength, stumble, or waver in purpose.",,,"Despite encountering unprecedented economic headwinds, the administration's commitment to judicial integrity did not falter.",Academic Reading Vocabulary List 1,Academic Reading Vocabulary List 1,Individual Words for IELTS,https://ieltsliz.com/academic-vocabulary/
IELTS-VOCAB-0505,gist,noun,"The core substance, general meaning, or essential theme of a speech or text.",,,"During timed IELTS academic reading passages, efficient skimming techniques enable candidates to grasp the overall gist quickly.",Academic Reading Vocabulary List 1,Academic Reading Vocabulary List 1,Individual Words for IELTS,https://ieltsliz.com/academic-vocabulary/
IELTS-VOCAB-0506,latent,adjective,"Existing but hidden, dormant, or not yet developed or manifested.",,,Comprehensive diagnostic testing revealed a latent capacity for scientific innovation that had remained dormant through childhood.,Academic Reading Vocabulary List 1,Academic Reading Vocabulary List 1,Individual Words for IELTS,https://ieltsliz.com/academic-vocabulary/
IELTS-VOCAB-0507,orate,verb,"To deliver a formal, eloquent, or pompous public address.",,,The visiting international statesman stepped to the assembly lectern to orate passionately on global diplomatic cooperation.,Academic Reading Vocabulary List 1,Academic Reading Vocabulary List 1,Individual Words for IELTS,https://ieltsliz.com/academic-vocabulary/
IELTS-VOCAB-0508,partially,adverb,"In part; to some extent or degree, but not wholly or completely.",,,The proposed environmental restrictions were only partially adopted due to intense lobbying from domestic energy producers.,Academic Reading Vocabulary List 1,Academic Reading Vocabulary List 1,Individual Words for IELTS,https://ieltsliz.com/academic-vocabulary/
IELTS-VOCAB-0509,prattle,noun / verb,"Foolish, inconsequential, or rapid chatter; idle talk.",,,Political analysts dismissed the campaign rhetoric as superficial prattle designed to divert attention from substantive deficits.,Academic Reading Vocabulary List 1,Academic Reading Vocabulary List 1,Individual Words for IELTS,https://ieltsliz.com/academic-vocabulary/
IELTS-VOCAB-0510,quack,noun,"A fraudulent, untrained, or deceitful person pretending to have medical skill.",,,Medical health watchdogs publish public advisories warning vulnerable patients against purchasing remedies from an unqualified quack.,Academic Reading Vocabulary List 1,Academic Reading Vocabulary List 1,Individual Words for IELTS,https://ieltsliz.com/academic-vocabulary/
IELTS-VOCAB-0511,detriment,noun,"The state of being harmed, damaged, or disadvantaged.",,,Working excessive overtime without adequate physical recuperation operates to the severe detriment of personal wellbeing.,Detrimental: Practice Lesson,Detrimental: Practice Lesson,Individual Words for IELTS,https://ieltsliz.com/detrimental-vocabulary-sample-sentence/
IELTS-VOCAB-0512,detrimental,adjective,"Tending to cause harm, damage, or disadvantage; injurious.",,"damaging, destructive, harmful, adverse",Unregulated industrial effluent discharges exert a highly detrimental impact on freshwater aquatic biodiversity.,Detrimental: Practice Lesson,Detrimental: Practice Lesson,Individual Words for IELTS,https://ieltsliz.com/detrimental-vocabulary-sample-sentence/
IELTS-VOCAB-0513,detrimentally,adverb,"In a manner causing harm, damage, or disadvantage.",,,Chronic sleep deprivation detrimentally impacts executive decision-making and cognitive retention among professionals.,Detrimental: Practice Lesson,Detrimental: Practice Lesson,Individual Words for IELTS,https://ieltsliz.com/detrimental-vocabulary-sample-sentence/
IELTS-VOCAB-0514,lack,verb,"To be without, deficient in, or missing something necessary.",,,Critics point out that contemporary secondary school curricula often lack comprehensive instruction in financial literacy.,Lacking in / Lack of: Practice Lesson,Lacking in / Lack of: Practice Lesson,Individual Words for IELTS,https://ieltsliz.com/lack-vocabulary-and-sample-sentences/
IELTS-VOCAB-0515,lack of,noun phrase,"An absence, deficiency, or insufficient quantity of something.",,"shortage, scarcity, loss, shortfall",A persistent lack of affordable urban housing remains one of the most critical socio-economic crises facing modern cities.,Lacking in / Lack of: Practice Lesson,Lacking in / Lack of: Practice Lesson,Individual Words for IELTS,https://ieltsliz.com/lack-vocabulary-and-sample-sentences/
IELTS-VOCAB-0517,impact,noun,"A marked effect, powerful influence, or enduring impression.",,,Art historians evaluate the profound cultural impact of the Italian Renaissance on European philosophical evolution.,Art: Paintings,Art: Paintings,Short Word Lists for Quick Review,https://ieltsliz.com/ielts-speaking-part-3-what-makes-a-good-painting/
IELTS-VOCAB-0526,arms behind back,phrase,A posture with hands clasped behind the torso.,,,Standing with arms behind back during a military review projects discipline and quiet authority.,Body Language,Body Language,Short Word Lists for Quick Review,https://ieltsliz.com/body-language-vocabulary/
IELTS-VOCAB-0527,arms crossed,phrase,Folding both arms across the chest.,,,Body language experts observe that sitting with arms crossed can signal defensiveness or closed attitude.,Body Language,Body Language,Short Word Lists for Quick Review,https://ieltsliz.com/body-language-vocabulary/
IELTS-VOCAB-0528,avoiding eye contact,phrase,Deliberately looking away from another person's gaze.,,,"The suspect appeared noticeably uneasy, avoiding eye contact while answering the detective's questions.",Body Language,Body Language,Short Word Lists for Quick Review,https://ieltsliz.com/body-language-vocabulary/
IELTS-VOCAB-0529,biting nails,phrase,Chewing on one's fingernails due to anxiety or boredom.,,,Habitual biting nails is often an involuntary physical response to chronic nervousness or workplace stress.,Body Language,Body Language,Short Word Lists for Quick Review,https://ieltsliz.com/body-language-vocabulary/
IELTS-VOCAB-0530,blushed,verb (past),"Became red in the face from embarrassment, shame, or modesty.",,,"The nervous candidate blushed noticeably when asked an unexpected, challenging technical question.",Body Language,Body Language,Short Word Lists for Quick Review,https://ieltsliz.com/body-language-vocabulary/
IELTS-VOCAB-0531,stammering,noun / gesture,Speaking with involuntary hesitations and repetitions of sounds.,,,"Under intense cross-examination, the witness began stammering before regaining composure.",Body Language,Body Language,Short Word Lists for Quick Review,https://ieltsliz.com/body-language-vocabulary/
IELTS-VOCAB-0532,bowing,noun / gesture,Bending the upper body forward as a sign of respect or greeting.,,,"In traditional Japanese corporate etiquette, respectful bowing remains the customary greeting among executives.",Body Language,Body Language,Short Word Lists for Quick Review,https://ieltsliz.com/body-language-vocabulary/
IELTS-VOCAB-0533,crinkling nose,phrase,Wrinkling the bridge of the nose to signal displeasure or distaste.,,,Displaying a subtle crinkling nose during food tasting conveys sensory distaste or mild skepticism.,Body Language,Body Language,Short Word Lists for Quick Review,https://ieltsliz.com/body-language-vocabulary/
IELTS-VOCAB-0534,deadpan face,phrase,A deliberately expressionless or impassive facial appearance.,,,Maintaining a completely deadpan face prevents commercial negotiators from revealing their underlying strategic motives.,Body Language,Body Language,Short Word Lists for Quick Review,https://ieltsliz.com/body-language-vocabulary/
IELTS-VOCAB-0535,direct eye contact,phrase,Looking straightforwardly into another person's eyes.,,,"In Western professional interviews, maintaining steady direct eye contact conveys honesty and self-assurance.",Body Language,Body Language,Short Word Lists for Quick Review,https://ieltsliz.com/body-language-vocabulary/
IELTS-VOCAB-0536,eye rubbing,phrase,Rubbing one's eyes with fingers due to irritation or tiredness.,,,Frequent eye rubbing is a documented physiological symptom of visual fatigue and prolonged computer screen use.,Body Language,Body Language,Short Word Lists for Quick Review,https://ieltsliz.com/body-language-vocabulary/
IELTS-VOCAB-0537,staring into the distance,phrase,Gazing unfocused toward the horizon while preoccupied in thought.,,,"Lost in deep philosophical reflection, the novelist spent hours staring into the distance by the lake.",Body Language,Body Language,Short Word Lists for Quick Review,https://ieltsliz.com/body-language-vocabulary/
IELTS-VOCAB-0538,firm handshake,noun phrase,"A strong, decisive grip when clasping hands in greeting.",,,A confident job applicant typically greets interviewers with a warm professional smile and a firm handshake.,Body Language,Body Language,Short Word Lists for Quick Review,https://ieltsliz.com/body-language-vocabulary/
IELTS-VOCAB-0539,covering mouth,phrase,"Placing a hand over the mouth in surprise, shock, or politeness.",,,"Upon hearing the startling announcement, several audience members gasped, covering mouth in disbelief.",Body Language,Body Language,Short Word Lists for Quick Review,https://ieltsliz.com/body-language-vocabulary/
IELTS-VOCAB-0541,nodding head,phrase,"Moving the head up and down to signal consent, comprehension, or assent.",,,The attentive delegate indicated agreement with the speaker's proposal by nodding head continuously.,Body Language,Body Language,Short Word Lists for Quick Review,https://ieltsliz.com/body-language-vocabulary/
IELTS-VOCAB-0542,tight-lipped,adjective,Reluctant to speak or reveal information; secretive.,,,Government trade envoys remained strictly tight-lipped regarding the sensitive ongoing bilateral negotiations.,Body Language,Body Language,Short Word Lists for Quick Review,https://ieltsliz.com/body-language-vocabulary/
IELTS-VOCAB-0543,putting arms up with palms facing forward,phrase,A non-verbal surrender or compliance gesture with open hands raised.,,,The hiker signaled peaceful non-aggression to the approaching park ranger by putting arms up with palms facing forward.,Body Language,Body Language,Short Word Lists for Quick Review,https://ieltsliz.com/body-language-vocabulary/
IELTS-VOCAB-0544,raise,verb,"To elevate, lift up, or move to a higher position.",,,Speakers often raise an eyebrow to subtly indicate skepticism or curiosity without interrupting the dialogue.,Body Language,Body Language,Short Word Lists for Quick Review,https://ieltsliz.com/body-language-vocabulary/
IELTS-VOCAB-0545,raised eye brows,phrase,"Lifting the eyebrows to convey astonishment, doubt, or inquiry.",,,The senior professor listened to the student's improbable excuse with raised eye brows and clear skepticism.,Body Language,Body Language,Short Word Lists for Quick Review,https://ieltsliz.com/body-language-vocabulary/
IELTS-VOCAB-0546,scratching ones head,phrase,Scratching the scalp to express confusion or deep perplexity.,,,"Baffled by the contradictory laboratory results, the researcher sat scratching ones head in bewilderment.",Body Language,Body Language,Short Word Lists for Quick Review,https://ieltsliz.com/body-language-vocabulary/
IELTS-VOCAB-0547,shaking the head,phrase,Moving the head from side to side to signal refusal or disagreement.,,,The chief diplomat expressed unwavering dissent by firmly shaking the head across the conference table.,Body Language,Body Language,Short Word Lists for Quick Review,https://ieltsliz.com/body-language-vocabulary/
IELTS-VOCAB-0548,shrugged,verb (past),"Raised and dropped the shoulders to express doubt, indifference, or ignorance.",,,"When questioned about the project delay, the team lead simply shrugged in indifferent resignation.",Body Language,Body Language,Short Word Lists for Quick Review,https://ieltsliz.com/body-language-vocabulary/
IELTS-VOCAB-0549,shrugging shoulders,phrase,Lifting and dropping the shoulders to signal apathy or lack of knowledge.,,,Dismissing a client's inquiry with casual shrugging shoulders conveys unprofessional indifference.,Body Language,Body Language,Short Word Lists for Quick Review,https://ieltsliz.com/body-language-vocabulary/
IELTS-VOCAB-0550,smiling,verb / gesture,"Forming a pleased, kind, or amused facial expression with upturned mouth.",,,The conference host welcomed international delegates by warmly smiling at the registration pavilion.,Body Language,Body Language,Short Word Lists for Quick Review,https://ieltsliz.com/body-language-vocabulary/
IELTS-VOCAB-0551,stroking ones chin,phrase,Rubbing the chin while evaluating complex decisions.,,,"The chess grandmaster contemplated his tactical options, stroking ones chin thoughtfully before moving.",Body Language,Body Language,Short Word Lists for Quick Review,https://ieltsliz.com/body-language-vocabulary/
IELTS-VOCAB-0552,tapping,noun / verb,Striking a surface lightly and repeatedly to make rhythmic sounds.,,,Nervous interviewees often resort to repetitive foot tapping while waiting in anticipation outside the boardroom.,Body Language,Body Language,Short Word Lists for Quick Review,https://ieltsliz.com/body-language-vocabulary/
IELTS-VOCAB-0553,widen gapes,phrase,"To open the mouth wide in surprise, astonishment, or wonder.",,,Astonished theater spectators could only widen gapes in utter awe at the aerial acrobatic finale.,Body Language,Body Language,Short Word Lists for Quick Review,https://ieltsliz.com/body-language-vocabulary/
IELTS-VOCAB-0554,air mattress,noun,An inflatable mattress used for sleeping on when camping.,,,Campers often inflate a portable air mattress inside their tent to insulate themselves from the cold ground.,Camping,More Camping Vocabulary,Short Word Lists for Quick Review,https://ieltsliz.com/camping-vocabulary-and-pronunciation/
IELTS-VOCAB-0555,backpack,noun,A large bag used for carrying gear on the back during outdoor hikes.,,,Trekkers must adjust the hip belt of an expedition backpack to distribute heavy loads evenly across the hips.,Camping,More Camping Vocabulary,Short Word Lists for Quick Review,https://ieltsliz.com/camping-vocabulary-and-pronunciation/
IELTS-VOCAB-0556,close to nature,phrase,In intimate proximity with the natural world and wildlife.,,,Outdoor ecotourism offers urban dwellers a rejuvenating opportunity to live close to nature and escape screen fatigue.,Camping,More Camping Vocabulary,Short Word Lists for Quick Review,https://ieltsliz.com/camping-vocabulary-and-pronunciation/
IELTS-VOCAB-0557,bug spray,noun,A chemical spray used to deter insects.,,,Applying insect repellent bug spray protects wilderness hikers from irritating mosquito and tick bites.,Camping,More Camping Vocabulary,Short Word Lists for Quick Review,https://ieltsliz.com/camping-vocabulary-and-pronunciation/
IELTS-VOCAB-0558,campground,noun,A designated outdoor area used for camping with tents or caravans.,,,"Before arriving at the national park, visitors should reserve a designated campground with clean water facilities.",Camping,More Camping Vocabulary,Short Word Lists for Quick Review,https://ieltsliz.com/camping-vocabulary-and-pronunciation/
IELTS-VOCAB-0559,camping gear,noun,The equipment and supplies needed for camping.,,,Quality outdoor retailers test durable camping gear under extreme weather conditions to guarantee durability.,Camping,More Camping Vocabulary,Short Word Lists for Quick Review,https://ieltsliz.com/camping-vocabulary-and-pronunciation/
IELTS-VOCAB-0560,compass,noun,An instrument containing a magnetized pointer showing magnetic north.,,,"Even when carrying satellite GPS devices, navigators always pack a reliable magnetic compass as a backup.",Camping,More Camping Vocabulary,Short Word Lists for Quick Review,https://ieltsliz.com/camping-vocabulary-and-pronunciation/
IELTS-VOCAB-0561,cramped,adjective,"Uncomfortably small, confined, or restricted in physical space.",,,Sharing a compact two-person tent during persistent mountain rain can make living conditions feel uncomfortably cramped.,Camping,More Camping Vocabulary,Short Word Lists for Quick Review,https://ieltsliz.com/camping-vocabulary-and-pronunciation/
IELTS-VOCAB-0562,firewood,noun,Wood suitable for burning on an open campfire.,,,Wilderness guidelines instruct campers to gather only fallen dry firewood rather than cutting live branches.,Camping,More Camping Vocabulary,Short Word Lists for Quick Review,https://ieltsliz.com/camping-vocabulary-and-pronunciation/
IELTS-VOCAB-0563,hat,noun,"A head covering worn for protection against sun, cold, or for fashion.",,,Hikers trekking across exposed ridgelines should wear a wide-brimmed protective hat to guard against intense ultraviolet rays.,Camping,More Camping Vocabulary,Short Word Lists for Quick Review,https://ieltsliz.com/camping-vocabulary-and-pronunciation/
IELTS-VOCAB-0564,path,noun,"A marked track, trail, or way made for traveling on foot.",,,Navigating along the designated mountain path minimizes environmental erosion on fragile subalpine vegetation.,Camping,More Camping Vocabulary,Short Word Lists for Quick Review,https://ieltsliz.com/camping-vocabulary-and-pronunciation/
IELTS-VOCAB-0565,raincoat,noun,A waterproof or water-resistant coat worn for protection from rain.,,,Packing a breathable waterproof raincoat ensures hikers stay dry during sudden torrential mountain showers.,Camping,More Camping Vocabulary,Short Word Lists for Quick Review,https://ieltsliz.com/camping-vocabulary-and-pronunciation/
IELTS-VOCAB-0566,wildlife,noun,"Wild animals, birds, and other fauna living in their natural habitat.",,,National park regulations strictly prohibit hikers from feeding native wildlife to prevent dangerous habituation to humans.,Camping,More Camping Vocabulary,Short Word Lists for Quick Review,https://ieltsliz.com/camping-vocabulary-and-pronunciation/
IELTS-VOCAB-0567,backpack,noun,"A bag carried on the back, supported by shoulder straps.",,,University students often carry a heavy canvas backpack packed with textbooks and digital devices.,Clothes: Casual and Formal,Clothes: Casual and Formal,Short Word Lists for Quick Review,https://ieltsliz.com/clothes-vocabulary/
IELTS-VOCAB-0568,briefcase,noun,"A flat, rectangular container typically made of leather for carrying documents.",,,"In corporate finance and legal circles, carrying a leather briefcase signifies professional stature.",Clothes: Casual and Formal,Clothes: Casual and Formal,Short Word Lists for Quick Review,https://ieltsliz.com/clothes-vocabulary/
IELTS-VOCAB-0569,coat,noun,"An outer garment worn outdoors, typically with sleeves and extending below the hips.",,,Wearing a heavy woolen coat provides essential thermal insulation against sub-zero winter temperatures.,Clothes: Casual and Formal,Clothes: Casual and Formal,Short Word Lists for Quick Review,https://ieltsliz.com/clothes-vocabulary/
IELTS-VOCAB-0570,dress,noun,A one-piece garment for a woman or girl that covers the body and extends down over the legs.,,,"In formal diplomatic gatherings, wearing an elegant evening dress adheres to traditional protocol.",Clothes: Casual and Formal,Clothes: Casual and Formal,Short Word Lists for Quick Review,https://ieltsliz.com/clothes-vocabulary/
IELTS-VOCAB-0571,flipflops,noun (plural),Light sandals with a thong between the toes.,,,Beachgoers appreciate rubber flipflops for their convenience and waterproof utility near coastal waters.,Clothes: Casual and Formal,Clothes: Casual and Formal,Short Word Lists for Quick Review,https://ieltsliz.com/clothes-vocabulary/
IELTS-VOCAB-0572,jacket,noun,"An outer garment extending either to the waist or the hips, typically with sleeves and a fastening.",,,"In business casual offices, pairing a tailored sports jacket with chinos creates a polished appearance.",Clothes: Casual and Formal,Clothes: Casual and Formal,Short Word Lists for Quick Review,https://ieltsliz.com/clothes-vocabulary/
IELTS-VOCAB-0573,pajamas,noun (plural),A loose-fitting jacket and trousers for sleeping in.,,,Sleep hygiene researchers emphasize that wearing breathable cotton pajamas promotes restful deep sleep.,Clothes: Casual and Formal,Clothes: Casual and Formal,Short Word Lists for Quick Review,https://ieltsliz.com/clothes-vocabulary/
IELTS-VOCAB-0574,shoes,noun (plural),"Footwear items covering the foot, typically having a sturdy sole.",,,"Hospitality workers require comfortable, slip-resistant shoes to endure twelve-hour shifts on hard floors.",Clothes: Casual and Formal,Clothes: Casual and Formal,Short Word Lists for Quick Review,https://ieltsliz.com/clothes-vocabulary/
IELTS-VOCAB-0575,shorts,noun (plural),Short trousers that end at or above the knees.,,,"During intense summer heatwaves, athletes prefer lightweight athletic shorts that allow maximum ventilation.",Clothes: Casual and Formal,Clothes: Casual and Formal,Short Word Lists for Quick Review,https://ieltsliz.com/clothes-vocabulary/
IELTS-VOCAB-0576,suit,noun,"A set of outer clothes made of the same fabric, typically consisting of a jacket and trousers.",,,"In corporate executive environments, wearing a tailored suit conveys authority and adherence to professional standards.",Clothes: Casual and Formal,Clothes: Casual and Formal,Short Word Lists for Quick Review,https://ieltsliz.com/clothes-vocabulary/
IELTS-VOCAB-0577,suitcase,noun,"A case with a handle and hinged lid, used for carrying clothes and personal possessions.",,,Business travelers pack their professional wardrobe into a compact rolling suitcase that fits into airplane overhead bins.,Clothes: Casual and Formal,Clothes: Casual and Formal,Short Word Lists for Quick Review,https://ieltsliz.com/clothes-vocabulary/
IELTS-VOCAB-0578,t-shirt,noun,"A short-sleeved casual top, generally without a collar or buttons.",,,The plain cotton t-shirt evolved from military undergarments into an ubiquitous global casual garment.,Clothes: Casual and Formal,Clothes: Casual and Formal,Short Word Lists for Quick Review,https://ieltsliz.com/clothes-vocabulary/
IELTS-VOCAB-0579,tie,noun,A strip of material worn around the collar and tied in a knot at the front.,,,"In traditional parliamentary and judicial settings, male officials are customarily required to wear a silk tie.",Clothes: Casual and Formal,Clothes: Casual and Formal,Short Word Lists for Quick Review,https://ieltsliz.com/clothes-vocabulary/
IELTS-VOCAB-0580,trousers,noun (plural),"An outer garment covering the body from the waist to the ankles, with separate sections for each leg.",,,Modern professional workwear favors durable stretch trousers that combine smart aesthetics with movement.,Clothes: Casual and Formal,Clothes: Casual and Formal,Short Word Lists for Quick Review,https://ieltsliz.com/clothes-vocabulary/
IELTS-VOCAB-0581,waistcoat,noun,"A close-fitting waist-length sleeveless garment, typically worn over a shirt and under a jacket.",,,A formal three-piece ensemble features an intricately tailored waistcoat worn beneath the suit jacket.,Clothes: Casual and Formal,Clothes: Casual and Formal,Short Word Lists for Quick Review,https://ieltsliz.com/clothes-vocabulary/
IELTS-VOCAB-0582,action films,noun (plural),A cinematic film category or genre: action films.,,,Film critics and cultural historians analyze how popular action films reflect contemporary societal anxieties and aspirations.,Films,Films,Short Word Lists for Quick Review,https://ieltsliz.com/types-of-films-vocabulary/
IELTS-VOCAB-0583,adventure films,noun (plural),A cinematic film category or genre: adventure films.,,,Film critics and cultural historians analyze how popular adventure films reflect contemporary societal anxieties and aspirations.,Films,Films,Short Word Lists for Quick Review,https://ieltsliz.com/types-of-films-vocabulary/
IELTS-VOCAB-0584,comedies,noun (plural),A cinematic film category or genre: comedies.,,,Film critics and cultural historians analyze how popular comedies reflect contemporary societal anxieties and aspirations.,Films,Films,Short Word Lists for Quick Review,https://ieltsliz.com/types-of-films-vocabulary/
IELTS-VOCAB-0585,comedy,noun,A recognized genre in cinematic film and storytelling: comedy.,,,Film critics and cultural historians analyze how the cinematic genre of comedy reflects contemporary societal anxieties and aspirations.,Films,Films,Short Word Lists for Quick Review,https://ieltsliz.com/types-of-films-vocabulary/
IELTS-VOCAB-0586,dramas,noun (plural),A cinematic film category or genre: dramas.,,,Film critics and cultural historians analyze how popular dramas reflect contemporary societal anxieties and aspirations.,Films,Films,Short Word Lists for Quick Review,https://ieltsliz.com/types-of-films-vocabulary/
IELTS-VOCAB-0587,historical films,noun (plural),A cinematic film category or genre: historical films.,,,Film critics and cultural historians analyze how popular historical films reflect contemporary societal anxieties and aspirations.,Films,Films,Short Word Lists for Quick Review,https://ieltsliz.com/types-of-films-vocabulary/
IELTS-VOCAB-0588,horror films,noun (plural),A cinematic film category or genre: horror films.,,,Film critics and cultural historians analyze how popular horror films reflect contemporary societal anxieties and aspirations.,Films,Films,Short Word Lists for Quick Review,https://ieltsliz.com/types-of-films-vocabulary/
IELTS-VOCAB-0589,musicals,noun (plural),A cinematic film category or genre: musicals.,,,Film critics and cultural historians analyze how popular musicals reflect contemporary societal anxieties and aspirations.,Films,Films,Short Word Lists for Quick Review,https://ieltsliz.com/types-of-films-vocabulary/
IELTS-VOCAB-0590,historical drama,noun,A recognized genre in cinematic film and storytelling: historical drama.,,,Film critics and cultural historians analyze how the cinematic genre of historical drama reflects contemporary societal anxieties and aspirations.,Films,Films,Short Word Lists for Quick Review,https://ieltsliz.com/types-of-films-vocabulary/
IELTS-VOCAB-0591,real life films,noun (plural),A cinematic film category or genre: real life films.,,,Film critics and cultural historians analyze how popular real life films reflect contemporary societal anxieties and aspirations.,Films,Films,Short Word Lists for Quick Review,https://ieltsliz.com/types-of-films-vocabulary/
IELTS-VOCAB-0592,rom-coms,noun (plural),A cinematic film category or genre: rom-coms.,,,Film critics and cultural historians analyze how popular rom-coms reflect contemporary societal anxieties and aspirations.,Films,Films,Short Word Lists for Quick Review,https://ieltsliz.com/types-of-films-vocabulary/
IELTS-VOCAB-0593,romantic films,noun (plural),A cinematic film category or genre: romantic films.,,,Film critics and cultural historians analyze how popular romantic films reflect contemporary societal anxieties and aspirations.,Films,Films,Short Word Lists for Quick Review,https://ieltsliz.com/types-of-films-vocabulary/
IELTS-VOCAB-0594,romcom,noun,A recognized genre in cinematic film and storytelling: romcom.,,,Film critics and cultural historians analyze how the cinematic genre of romcom reflects contemporary societal anxieties and aspirations.,Films,Films,Short Word Lists for Quick Review,https://ieltsliz.com/types-of-films-vocabulary/
IELTS-VOCAB-0595,science fiction,noun,A recognized genre in cinematic film and storytelling: science fiction.,,,Film critics and cultural historians analyze how the cinematic genre of science fiction reflects contemporary societal anxieties and aspirations.,Films,Films,Short Word Lists for Quick Review,https://ieltsliz.com/types-of-films-vocabulary/
IELTS-VOCAB-0596,war films,noun (plural),A cinematic film category or genre: war films.,,,Film critics and cultural historians analyze how popular war films reflect contemporary societal anxieties and aspirations.,Films,Films,Short Word Lists for Quick Review,https://ieltsliz.com/types-of-films-vocabulary/
IELTS-VOCAB-0597,artichoke,noun,A nutritious edible vegetable utilized in culinary preparation: artichoke.,,,"Nutritional scientists emphasize that consuming fresh seasonal artichoke provides essential vitamins, antioxidants, and dietary fiber.",Food: Vegetables,Food: Vegetables,Short Word Lists for Quick Review,https://ieltsliz.com/vocabulary-for-food-vegetables/
IELTS-VOCAB-0598,asparagus,noun,A nutritious edible vegetable utilized in culinary preparation: asparagus.,,,"Nutritional scientists emphasize that consuming fresh seasonal asparagus provides essential vitamins, antioxidants, and dietary fiber.",Food: Vegetables,Food: Vegetables,Short Word Lists for Quick Review,https://ieltsliz.com/vocabulary-for-food-vegetables/
IELTS-VOCAB-0599,eggplant,noun,A nutritious edible vegetable utilized in culinary preparation: eggplant.,,,"Nutritional scientists emphasize that consuming fresh seasonal eggplant provides essential vitamins, antioxidants, and dietary fiber.",Food: Vegetables,Food: Vegetables,Short Word Lists for Quick Review,https://ieltsliz.com/vocabulary-for-food-vegetables/
IELTS-VOCAB-0600,beans,noun,A nutritious edible vegetable utilized in culinary preparation: beans.,,,"Nutritional scientists emphasize that consuming fresh seasonal beans provides essential vitamins, antioxidants, and dietary fiber.",Food: Vegetables,Food: Vegetables,Short Word Lists for Quick Review,https://ieltsliz.com/vocabulary-for-food-vegetables/
IELTS-VOCAB-0601,beetroot,noun,A nutritious edible vegetable utilized in culinary preparation: beetroot.,,,"Nutritional scientists emphasize that consuming fresh seasonal beetroot provides essential vitamins, antioxidants, and dietary fiber.",Food: Vegetables,Food: Vegetables,Short Word Lists for Quick Review,https://ieltsliz.com/vocabulary-for-food-vegetables/
IELTS-VOCAB-0602,broccoli,noun,A nutritious edible vegetable utilized in culinary preparation: broccoli.,,,"Nutritional scientists emphasize that consuming fresh seasonal broccoli provides essential vitamins, antioxidants, and dietary fiber.",Food: Vegetables,Food: Vegetables,Short Word Lists for Quick Review,https://ieltsliz.com/vocabulary-for-food-vegetables/
IELTS-VOCAB-0603,cabbage,noun,A nutritious edible vegetable utilized in culinary preparation: cabbage.,,,"Nutritional scientists emphasize that consuming fresh seasonal cabbage provides essential vitamins, antioxidants, and dietary fiber.",Food: Vegetables,Food: Vegetables,Short Word Lists for Quick Review,https://ieltsliz.com/vocabulary-for-food-vegetables/
IELTS-VOCAB-0604,carrots,noun,A nutritious edible vegetable utilized in culinary preparation: carrots.,,,"Nutritional scientists emphasize that consuming fresh seasonal carrots provides essential vitamins, antioxidants, and dietary fiber.",Food: Vegetables,Food: Vegetables,Short Word Lists for Quick Review,https://ieltsliz.com/vocabulary-for-food-vegetables/
IELTS-VOCAB-0605,cauliflower,noun,A nutritious edible vegetable utilized in culinary preparation: cauliflower.,,,"Nutritional scientists emphasize that consuming fresh seasonal cauliflower provides essential vitamins, antioxidants, and dietary fiber.",Food: Vegetables,Food: Vegetables,Short Word Lists for Quick Review,https://ieltsliz.com/vocabulary-for-food-vegetables/
IELTS-VOCAB-0606,celery,noun,A nutritious edible vegetable utilized in culinary preparation: celery.,,,"Nutritional scientists emphasize that consuming fresh seasonal celery provides essential vitamins, antioxidants, and dietary fiber.",Food: Vegetables,Food: Vegetables,Short Word Lists for Quick Review,https://ieltsliz.com/vocabulary-for-food-vegetables/
IELTS-VOCAB-0607,corn,noun,A nutritious edible vegetable utilized in culinary preparation: corn.,,,"Nutritional scientists emphasize that consuming fresh seasonal corn provides essential vitamins, antioxidants, and dietary fiber.",Food: Vegetables,Food: Vegetables,Short Word Lists for Quick Review,https://ieltsliz.com/vocabulary-for-food-vegetables/
IELTS-VOCAB-0608,zucchini,noun,A nutritious edible vegetable utilized in culinary preparation: zucchini.,,,"Nutritional scientists emphasize that consuming fresh seasonal zucchini provides essential vitamins, antioxidants, and dietary fiber.",Food: Vegetables,Food: Vegetables,Short Word Lists for Quick Review,https://ieltsliz.com/vocabulary-for-food-vegetables/
IELTS-VOCAB-0609,cucumber,noun,A nutritious edible vegetable utilized in culinary preparation: cucumber.,,,"Nutritional scientists emphasize that consuming fresh seasonal cucumber provides essential vitamins, antioxidants, and dietary fiber.",Food: Vegetables,Food: Vegetables,Short Word Lists for Quick Review,https://ieltsliz.com/vocabulary-for-food-vegetables/
IELTS-VOCAB-0610,lettuce,noun,A nutritious edible vegetable utilized in culinary preparation: lettuce.,,,"Nutritional scientists emphasize that consuming fresh seasonal lettuce provides essential vitamins, antioxidants, and dietary fiber.",Food: Vegetables,Food: Vegetables,Short Word Lists for Quick Review,https://ieltsliz.com/vocabulary-for-food-vegetables/
IELTS-VOCAB-0611,mushrooms,noun,A nutritious edible vegetable utilized in culinary preparation: mushrooms.,,,"Nutritional scientists emphasize that consuming fresh seasonal mushrooms provides essential vitamins, antioxidants, and dietary fiber.",Food: Vegetables,Food: Vegetables,Short Word Lists for Quick Review,https://ieltsliz.com/vocabulary-for-food-vegetables/
IELTS-VOCAB-0612,onions,noun,A nutritious edible vegetable utilized in culinary preparation: onions.,,,"Nutritional scientists emphasize that consuming fresh seasonal onions provides essential vitamins, antioxidants, and dietary fiber.",Food: Vegetables,Food: Vegetables,Short Word Lists for Quick Review,https://ieltsliz.com/vocabulary-for-food-vegetables/
IELTS-VOCAB-0613,peas,noun,A nutritious edible vegetable utilized in culinary preparation: peas.,,,"Nutritional scientists emphasize that consuming fresh seasonal peas provides essential vitamins, antioxidants, and dietary fiber.",Food: Vegetables,Food: Vegetables,Short Word Lists for Quick Review,https://ieltsliz.com/vocabulary-for-food-vegetables/
IELTS-VOCAB-0614,potatoes,noun,A nutritious edible vegetable utilized in culinary preparation: potatoes.,,,"Nutritional scientists emphasize that consuming fresh seasonal potatoes provides essential vitamins, antioxidants, and dietary fiber.",Food: Vegetables,Food: Vegetables,Short Word Lists for Quick Review,https://ieltsliz.com/vocabulary-for-food-vegetables/
IELTS-VOCAB-0615,pumpkin,noun,A nutritious edible vegetable utilized in culinary preparation: pumpkin.,,,"Nutritional scientists emphasize that consuming fresh seasonal pumpkin provides essential vitamins, antioxidants, and dietary fiber.",Food: Vegetables,Food: Vegetables,Short Word Lists for Quick Review,https://ieltsliz.com/vocabulary-for-food-vegetables/
IELTS-VOCAB-0616,radish,noun,A nutritious edible vegetable utilized in culinary preparation: radish.,,,"Nutritional scientists emphasize that consuming fresh seasonal radish provides essential vitamins, antioxidants, and dietary fiber.",Food: Vegetables,Food: Vegetables,Short Word Lists for Quick Review,https://ieltsliz.com/vocabulary-for-food-vegetables/
IELTS-VOCAB-0617,red pepper,noun,A nutritious edible vegetable utilized in culinary preparation: red pepper.,,,"Nutritional scientists emphasize that consuming fresh seasonal red pepper provides essential vitamins, antioxidants, and dietary fiber.",Food: Vegetables,Food: Vegetables,Short Word Lists for Quick Review,https://ieltsliz.com/vocabulary-for-food-vegetables/
IELTS-VOCAB-0618,sprouts,noun,A nutritious edible vegetable utilized in culinary preparation: sprouts.,,,"Nutritional scientists emphasize that consuming fresh seasonal sprouts provides essential vitamins, antioxidants, and dietary fiber.",Food: Vegetables,Food: Vegetables,Short Word Lists for Quick Review,https://ieltsliz.com/vocabulary-for-food-vegetables/
IELTS-VOCAB-0619,sweet potato,noun,A nutritious edible vegetable utilized in culinary preparation: sweet potato.,,,"Nutritional scientists emphasize that consuming fresh seasonal sweet potato provides essential vitamins, antioxidants, and dietary fiber.",Food: Vegetables,Food: Vegetables,Short Word Lists for Quick Review,https://ieltsliz.com/vocabulary-for-food-vegetables/
IELTS-VOCAB-0620,tomatoes,noun,A nutritious edible vegetable utilized in culinary preparation: tomatoes.,,,"Nutritional scientists emphasize that consuming fresh seasonal tomatoes provides essential vitamins, antioxidants, and dietary fiber.",Food: Vegetables,Food: Vegetables,Short Word Lists for Quick Review,https://ieltsliz.com/vocabulary-for-food-vegetables/
IELTS-VOCAB-0621,accordion,noun,A musical instrument played in orchestral and acoustic performances: accordion.,,,Mastering a traditional musical instrument such as the accordion requires disciplined daily practice and acute auditory sensitivity.,Musical Instruments,Vocabulary Practice,Short Word Lists for Quick Review,https://ieltsliz.com/musical-instruments-vocabulary/
IELTS-VOCAB-0622,bagpipes,noun (plural),A musical percussion or acoustic ensemble instrument: bagpipes.,,,Traditional acoustic ensembles frequently incorporate acoustic instruments such as bagpipes to provide dynamic rhythmic accompaniment.,Musical Instruments,Wind Instruments,Short Word Lists for Quick Review,https://ieltsliz.com/musical-instruments-vocabulary/
IELTS-VOCAB-0623,banjo,noun,A musical instrument played in orchestral and acoustic performances: banjo.,,,Mastering a traditional musical instrument such as the banjo requires disciplined daily practice and acute auditory sensitivity.,Musical Instruments,Stringed Instruments,Short Word Lists for Quick Review,https://ieltsliz.com/musical-instruments-vocabulary/
IELTS-VOCAB-0624,bugle,noun,A musical instrument played in orchestral and acoustic performances: bugle.,,,Mastering a traditional musical instrument such as the bugle requires disciplined daily practice and acute auditory sensitivity.,Musical Instruments,Vocabulary Practice,Short Word Lists for Quick Review,https://ieltsliz.com/musical-instruments-vocabulary/
IELTS-VOCAB-0625,cello,noun,A musical instrument played in orchestral and acoustic performances: cello.,,,Mastering a traditional musical instrument such as the cello requires disciplined daily practice and acute auditory sensitivity.,Musical Instruments,Stringed Instruments,Short Word Lists for Quick Review,https://ieltsliz.com/musical-instruments-vocabulary/
IELTS-VOCAB-0626,clarinet,noun,A musical instrument played in orchestral and acoustic performances: clarinet.,,,Mastering a traditional musical instrument such as the clarinet requires disciplined daily practice and acute auditory sensitivity.,Musical Instruments,Wind Instruments,Short Word Lists for Quick Review,https://ieltsliz.com/musical-instruments-vocabulary/
IELTS-VOCAB-0627,drum,noun,A musical instrument played in orchestral and acoustic performances: drum.,,,Mastering a traditional musical instrument such as the drum requires disciplined daily practice and acute auditory sensitivity.,Musical Instruments,Vocabulary Practice,Short Word Lists for Quick Review,https://ieltsliz.com/musical-instruments-vocabulary/
IELTS-VOCAB-0628,drums,noun (plural),A musical percussion or acoustic ensemble instrument: drums.,,,Traditional acoustic ensembles frequently incorporate acoustic instruments such as drums to provide dynamic rhythmic accompaniment.,Musical Instruments,Percussion Instruments,Short Word Lists for Quick Review,https://ieltsliz.com/musical-instruments-vocabulary/
IELTS-VOCAB-0629,electric guitar,noun,A musical instrument played in orchestral and acoustic performances: electric guitar.,,,Mastering a traditional musical instrument such as the electric guitar requires disciplined daily practice and acute auditory sensitivity.,Musical Instruments,Stringed Instruments,Short Word Lists for Quick Review,https://ieltsliz.com/musical-instruments-vocabulary/
IELTS-VOCAB-0630,electronic keyboard,noun,A musical instrument played in orchestral and acoustic performances: electronic keyboard.,,,Mastering a traditional musical instrument such as the electronic keyboard requires disciplined daily practice and acute auditory sensitivity.,Musical Instruments,Keyboard Instruments,Short Word Lists for Quick Review,https://ieltsliz.com/musical-instruments-vocabulary/
IELTS-VOCAB-0631,fiddle,noun,A musical instrument played in orchestral and acoustic performances: fiddle.,,,Mastering a traditional musical instrument such as the fiddle requires disciplined daily practice and acute auditory sensitivity.,Musical Instruments,Stringed Instruments,Short Word Lists for Quick Review,https://ieltsliz.com/musical-instruments-vocabulary/
IELTS-VOCAB-0632,flute,noun,A musical instrument played in orchestral and acoustic performances: flute.,,,Mastering a traditional musical instrument such as the flute requires disciplined daily practice and acute auditory sensitivity.,Musical Instruments,Vocabulary Practice,Short Word Lists for Quick Review,https://ieltsliz.com/musical-instruments-vocabulary/
IELTS-VOCAB-0633,guitar,noun,A musical instrument played in orchestral and acoustic performances: guitar.,,,Mastering a traditional musical instrument such as the guitar requires disciplined daily practice and acute auditory sensitivity.,Musical Instruments,Vocabulary Practice,Short Word Lists for Quick Review,https://ieltsliz.com/musical-instruments-vocabulary/
IELTS-VOCAB-0634,harmonica,noun,A musical instrument played in orchestral and acoustic performances: harmonica.,,,Mastering a traditional musical instrument such as the harmonica requires disciplined daily practice and acute auditory sensitivity.,Musical Instruments,Vocabulary Practice,Short Word Lists for Quick Review,https://ieltsliz.com/musical-instruments-vocabulary/
IELTS-VOCAB-0635,harp,noun,A musical instrument played in orchestral and acoustic performances: harp.,,,Mastering a traditional musical instrument such as the harp requires disciplined daily practice and acute auditory sensitivity.,Musical Instruments,Vocabulary Practice,Short Word Lists for Quick Review,https://ieltsliz.com/musical-instruments-vocabulary/
IELTS-VOCAB-0636,keyboard,noun,A musical instrument played in orchestral and acoustic performances: keyboard.,,,Mastering a traditional musical instrument such as the keyboard requires disciplined daily practice and acute auditory sensitivity.,Musical Instruments,Vocabulary Practice,Short Word Lists for Quick Review,https://ieltsliz.com/musical-instruments-vocabulary/
IELTS-VOCAB-0637,lute,noun,A musical instrument played in orchestral and acoustic performances: lute.,,,Mastering a traditional musical instrument such as the lute requires disciplined daily practice and acute auditory sensitivity.,Musical Instruments,Stringed Instruments,Short Word Lists for Quick Review,https://ieltsliz.com/musical-instruments-vocabulary/
IELTS-VOCAB-0638,microphone,noun,An acoustic instrument used to capture and amplify vocal or instrumental sound.,,,"In acoustic recording studios, using a high-fidelity microphone ensures pristine sound capture for classical vocalists.",Musical Instruments,Vocabulary Practice,Short Word Lists for Quick Review,https://ieltsliz.com/musical-instruments-vocabulary/
IELTS-VOCAB-0639,oboe,noun,A musical instrument played in orchestral and acoustic performances: oboe.,,,Mastering a traditional musical instrument such as the oboe requires disciplined daily practice and acute auditory sensitivity.,Musical Instruments,Wind Instruments,Short Word Lists for Quick Review,https://ieltsliz.com/musical-instruments-vocabulary/
IELTS-VOCAB-0640,organ,noun,A musical instrument played in orchestral and acoustic performances: organ.,,,Mastering a traditional musical instrument such as the organ requires disciplined daily practice and acute auditory sensitivity.,Musical Instruments,Keyboard Instruments,Short Word Lists for Quick Review,https://ieltsliz.com/musical-instruments-vocabulary/
IELTS-VOCAB-0641,piano,noun,A musical instrument played in orchestral and acoustic performances: piano.,,,Mastering a traditional musical instrument such as the piano requires disciplined daily practice and acute auditory sensitivity.,Musical Instruments,Vocabulary Practice,Short Word Lists for Quick Review,https://ieltsliz.com/musical-instruments-vocabulary/
IELTS-VOCAB-0642,pipes,noun (plural),A musical percussion or acoustic ensemble instrument: pipes.,,,Traditional acoustic ensembles frequently incorporate acoustic instruments such as pipes to provide dynamic rhythmic accompaniment.,Musical Instruments,Wind Instruments,Short Word Lists for Quick Review,https://ieltsliz.com/musical-instruments-vocabulary/
IELTS-VOCAB-0643,vinyl record,noun,An analog sound storage medium consisting of a grooved disc played with a stylus.,,,Audiophiles appreciate the rich acoustic warmth characteristic of an authentic analog vinyl record.,Musical Instruments,Vocabulary Practice,Short Word Lists for Quick Review,https://ieltsliz.com/musical-instruments-vocabulary/
IELTS-VOCAB-0644,recorder,noun,A musical instrument played in orchestral and acoustic performances: recorder.,,,Mastering a traditional musical instrument such as the recorder requires disciplined daily practice and acute auditory sensitivity.,Musical Instruments,Wind Instruments,Short Word Lists for Quick Review,https://ieltsliz.com/musical-instruments-vocabulary/
IELTS-VOCAB-0645,saxophone,noun,A musical instrument played in orchestral and acoustic performances: saxophone.,,,Mastering a traditional musical instrument such as the saxophone requires disciplined daily practice and acute auditory sensitivity.,Musical Instruments,Vocabulary Practice,Short Word Lists for Quick Review,https://ieltsliz.com/musical-instruments-vocabulary/
IELTS-VOCAB-0646,sitar,noun,A musical instrument played in orchestral and acoustic performances: sitar.,,,Mastering a traditional musical instrument such as the sitar requires disciplined daily practice and acute auditory sensitivity.,Musical Instruments,Stringed Instruments,Short Word Lists for Quick Review,https://ieltsliz.com/musical-instruments-vocabulary/
IELTS-VOCAB-0647,triangles,noun (plural),A musical percussion or acoustic ensemble instrument: triangles.,,,Traditional acoustic ensembles frequently incorporate acoustic instruments such as triangles to provide dynamic rhythmic accompaniment.,Musical Instruments,Percussion Instruments,Short Word Lists for Quick Review,https://ieltsliz.com/musical-instruments-vocabulary/
IELTS-VOCAB-0648,trumpet,noun,A musical instrument played in orchestral and acoustic performances: trumpet.,,,Mastering a traditional musical instrument such as the trumpet requires disciplined daily practice and acute auditory sensitivity.,Musical Instruments,Wind Instruments,Short Word Lists for Quick Review,https://ieltsliz.com/musical-instruments-vocabulary/
IELTS-VOCAB-0649,tuba,noun,A musical instrument played in orchestral and acoustic performances: tuba.,,,Mastering a traditional musical instrument such as the tuba requires disciplined daily practice and acute auditory sensitivity.,Musical Instruments,Wind Instruments,Short Word Lists for Quick Review,https://ieltsliz.com/musical-instruments-vocabulary/
IELTS-VOCAB-0650,viola,noun,A musical instrument played in orchestral and acoustic performances: viola.,,,Mastering a traditional musical instrument such as the viola requires disciplined daily practice and acute auditory sensitivity.,Musical Instruments,Stringed Instruments,Short Word Lists for Quick Review,https://ieltsliz.com/musical-instruments-vocabulary/
IELTS-VOCAB-0651,violin,noun,A musical instrument played in orchestral and acoustic performances: violin.,,,Mastering a traditional musical instrument such as the violin requires disciplined daily practice and acute auditory sensitivity.,Musical Instruments,Stringed Instruments,Short Word Lists for Quick Review,https://ieltsliz.com/musical-instruments-vocabulary/
IELTS-VOCAB-0652,wood blocks,noun (plural),A musical percussion or acoustic ensemble instrument: wood blocks.,,,Traditional acoustic ensembles frequently incorporate acoustic instruments such as wood blocks to provide dynamic rhythmic accompaniment.,Musical Instruments,Percussion Instruments,Short Word Lists for Quick Review,https://ieltsliz.com/musical-instruments-vocabulary/
IELTS-VOCAB-0653,xylophone,noun,A musical instrument played in orchestral and acoustic performances: xylophone.,,,Mastering a traditional musical instrument such as the xylophone requires disciplined daily practice and acute auditory sensitivity.,Musical Instruments,Percussion Instruments,Short Word Lists for Quick Review,https://ieltsliz.com/musical-instruments-vocabulary/
IELTS-VOCAB-0654,ankle straps,noun (plural),Fastening straps encircling the ankle for secure shoe fit.,,,Outdoor walking sandals manufactured with sturdy ankle straps provide superior stability across uneven gravel paths.,Shoes Topic,Extra Vocabulary for SHOES Topic,Short Word Lists for Quick Review,https://ieltsliz.com/vocabulary-for-shoes/
IELTS-VOCAB-0655,comfy,adjective,"Comfortable, soothing, and physically pleasant to wear.",,,Office workers frequently switch to comfy footwear during long shifts to alleviate plantar pressure.,Shoes Topic,Extra Vocabulary for SHOES Topic,Short Word Lists for Quick Review,https://ieltsliz.com/vocabulary-for-shoes/
IELTS-VOCAB-0656,cowboy boot,noun,A sturdy leather riding boot with a high shaft and Cuban heel.,,,The classic leather cowboy boot was originally engineered with high shafts to protect riders from thorny brush.,Shoes Topic,Vocabulary Practice for SHOES,Short Word Lists for Quick Review,https://ieltsliz.com/vocabulary-for-shoes/
IELTS-VOCAB-0657,flip-flops,noun (plural),Light backless sandals held on the foot by a thong between the big and second toes.,,,"While popular at the beach, flat rubber flip-flops provide inadequate arch support for walking on concrete.",Shoes Topic,Vocabulary Practice for SHOES,Short Word Lists for Quick Review,https://ieltsliz.com/vocabulary-for-shoes/
IELTS-VOCAB-0658,high-heeled shoe,noun,A shoe with a raised heel that elevates the wearer's heel significantly above the toes.,,,Orthopedic specialists warn that frequently wearing a high-heeled shoe places excessive mechanical pressure on the forefoot.,Shoes Topic,Vocabulary Practice for SHOES,Short Word Lists for Quick Review,https://ieltsliz.com/vocabulary-for-shoes/
IELTS-VOCAB-0659,loafer,noun,"A leather shoe shaped like a moccasin, with a flat heel and slotted strap.",,,The leather penny loafer became a staple of professional business casual attire due to its versatility.,Shoes Topic,Vocabulary Practice for SHOES,Short Word Lists for Quick Review,https://ieltsliz.com/vocabulary-for-shoes/
IELTS-VOCAB-0660,pointed,adjective,"Having a sharpened, tapered, or pointed end.",,,Footwear designed with an excessively pointed toe box can compress the toes and cause painful foot deformities.,Shoes Topic,Extra Vocabulary for SHOES Topic,Short Word Lists for Quick Review,https://ieltsliz.com/vocabulary-for-shoes/
IELTS-VOCAB-0661,rounded,adjective,"Having a curved, smooth, and non-restrictive contour.",,,Orthopedic clinicians advise patients to choose footwear featuring a rounded toe box for natural foot mechanics.,Shoes Topic,Extra Vocabulary for SHOES Topic,Short Word Lists for Quick Review,https://ieltsliz.com/vocabulary-for-shoes/
IELTS-VOCAB-0662,slip off,phrasal verb,To remove footwear or clothing quickly and effortlessly.,,,Travelers appreciate laceless footwear because they can easily slip off their shoes during airport security inspections.,Shoes Topic,Extra Vocabulary for SHOES Topic,Short Word Lists for Quick Review,https://ieltsliz.com/vocabulary-for-shoes/
IELTS-VOCAB-0663,slippers,noun (plural),"Comfortable, soft slip-on shoes worn indoors.",,,Wearing insulated indoor slippers keeps feet warm and reduces the risk of slipping on polished hardwood floors.,Shoes Topic,Vocabulary Practice for SHOES,Short Word Lists for Quick Review,https://ieltsliz.com/vocabulary-for-shoes/
IELTS-VOCAB-0664,sloppy,adjective,"Careless, loose, untidy, or poorly fitted.",,,"Wearing sloppy, ill-fitting footwear increases the risk of accidental tripping and occupational ankle injuries.",Shoes Topic,Extra Vocabulary for SHOES Topic,Short Word Lists for Quick Review,https://ieltsliz.com/vocabulary-for-shoes/
IELTS-VOCAB-0665,thick soles,noun (plural),Substantial under-layers of shoes providing cushioning and protection.,,,Hiking boots constructed with durable thick soles shield the feet from sharp rocks and rough trail terrain.,Shoes Topic,Extra Vocabulary for SHOES Topic,Short Word Lists for Quick Review,https://ieltsliz.com/vocabulary-for-shoes/
IELTS-VOCAB-0666,tight,adjective,Fitting too closely or exerting uncomfortable pressure on the body.,,,Wearing tight shoes for prolonged periods restricts peripheral circulation and induces severe muscular fatigue.,Shoes Topic,Extra Vocabulary for SHOES Topic,Short Word Lists for Quick Review,https://ieltsliz.com/vocabulary-for-shoes/
IELTS-VOCAB-0667,trainers,noun (plural),Soft sports shoes suitable for athletic training and casual wear.,,,Athletes wear cushioned running trainers engineered to absorb shock during high-impact road races.,Shoes Topic,Vocabulary Practice for SHOES,Short Word Lists for Quick Review,https://ieltsliz.com/vocabulary-for-shoes/
IELTS-VOCAB-0668,walking boots,noun (plural),"Sturdy, ankle-supporting boots designed for hiking and rough terrain.",,,Experienced mountaineers invest in waterproof walking boots that provide ankle support on steep ascents.,Shoes Topic,Vocabulary Practice for SHOES,Short Word Lists for Quick Review,https://ieltsliz.com/vocabulary-for-shoes/
IELTS-VOCAB-0669,walking sandal,noun,An open shoe with protective cushioning straps for pedestrian walking.,,,A well-cushioned walking sandal is ideal for warm-weather hiking along well-maintained nature trails.,Shoes Topic,Vocabulary Practice for SHOES,Short Word Lists for Quick Review,https://ieltsliz.com/vocabulary-for-shoes/
IELTS-VOCAB-0670,worn out,adjective,"Damaged, degraded, or deteriorated through extensive or prolonged use.",,,Athletic coaches advise runners to promptly replace worn out footwear once the shock-absorbing foam compresses.,Shoes Topic,Extra Vocabulary for SHOES Topic,Short Word Lists for Quick Review,https://ieltsliz.com/vocabulary-for-shoes/
IELTS-VOCAB-0671,wellington boots,noun (plural),High waterproof rubber boots reaching to the knee.,,,Farmers and field researchers wear waterproof rubber wellington boots to navigate muddy paddocks.,Shoes Topic,Vocabulary Practice for SHOES,Short Word Lists for Quick Review,https://ieltsliz.com/vocabulary-for-shoes/
IELTS-VOCAB-0672,technological,adjective,Relating to or characterized by advanced technology or applied science.,,,Rapid technological breakthroughs in machine learning algorithms are revolutionizing diagnostic pathology.,Technology,Technology,Short Word Lists for Quick Review,https://ieltsliz.com/technology-vocabulary-for-speaking/
IELTS-VOCAB-0673,technologies,noun (plural),The applications of scientific knowledge and engineering for practical ends.,,,Pioneering sustainable green technologies is essential if industrialized nations are to fulfill zero-emission pledges.,Technology,Technology,Short Word Lists for Quick Review,https://ieltsliz.com/technology-vocabulary-for-speaking/
IELTS-VOCAB-0674,technology,noun,"The practical application of scientific knowledge to commerce, industry, or life.",,,The widespread deployment of solar technology provides remote rural communities with reliable electricity.,Technology,Technology,Short Word Lists for Quick Review,https://ieltsliz.com/technology-vocabulary-for-speaking/
IELTS-VOCAB-0678,accommodation,uncountable noun,"An essential social service, resource, or public good: accommodation.",,"housing, lodging, living quarters",Sociological studies demonstrate that equitable access to reliable accommodation directly correlates with higher living standards.,Common Uncountable Nouns List,Common Uncountable Nouns List,Uncountable Nouns,https://ieltsliz.com/uncountable-nouns-word-list/
IELTS-VOCAB-0679,advertising,uncountable noun,A key factor in economic systems and financial commerce: advertising.,,"commercial promotion, marketing",Economic analysts argue that the strategic management of advertising is indispensable for sustaining national financial stability.,Common Uncountable Nouns List,Common Uncountable Nouns List,Uncountable Nouns,https://ieltsliz.com/uncountable-nouns-word-list/
IELTS-VOCAB-0680,advice,uncountable noun,"An essential social service, resource, or public good: advice.",,"counsel, guidance, recommendation",Sociological studies demonstrate that equitable access to reliable advice directly correlates with higher living standards.,Common Uncountable Nouns List,Common Uncountable Nouns List,Uncountable Nouns,https://ieltsliz.com/uncountable-nouns-word-list/
IELTS-VOCAB-0681,aid,uncountable noun,"An essential social service, resource, or public good: aid.",,,Sociological studies demonstrate that equitable access to reliable aid directly correlates with higher living standards.,Common Uncountable Nouns List,Common Uncountable Nouns List,Uncountable Nouns,https://ieltsliz.com/uncountable-nouns-word-list/
IELTS-VOCAB-0682,air,uncountable noun,A natural environmental element or physical phenomenon: air.,,,Environmental scientists study how shifts in atmospheric air impact fragile regional ecosystems.,Common Uncountable Nouns List,Common Uncountable Nouns List,Uncountable Nouns,https://ieltsliz.com/uncountable-nouns-word-list/
IELTS-VOCAB-0683,anger,uncountable noun,A serious socio-economic or personal adversity: anger.,,,Sociological researchers emphasize the urgent necessity of mitigating systemic anger within vulnerable urban communities.,Common Uncountable Nouns List,Common Uncountable Nouns List,Uncountable Nouns,https://ieltsliz.com/uncountable-nouns-word-list/
IELTS-VOCAB-0685,art,uncountable noun,"A foundational academic, linguistic, or intellectual concept: art.",,,"In academic research, gathering reliable empirical art is essential for formulating robust, evidence-based conclusions.",Common Uncountable Nouns List,Common Uncountable Nouns List,Uncountable Nouns,https://ieltsliz.com/uncountable-nouns-word-list/
IELTS-VOCAB-0686,assistance,uncountable noun,"An essential social service, resource, or public good: assistance.",,,Sociological studies demonstrate that equitable access to reliable assistance directly correlates with higher living standards.,Common Uncountable Nouns List,Common Uncountable Nouns List,Uncountable Nouns,https://ieltsliz.com/uncountable-nouns-word-list/
IELTS-VOCAB-0687,bread,uncountable noun,"An essential agricultural commodity, food staple, or material: bread.",,,Agricultural economists analyze global supply chains to ensure the stable production and distribution of bread.,Common Uncountable Nouns List,Common Uncountable Nouns List,Uncountable Nouns,https://ieltsliz.com/uncountable-nouns-word-list/
IELTS-VOCAB-0688,business,uncountable noun,A key factor in economic systems and financial commerce: business.,,,Economic analysts argue that the strategic management of business is indispensable for sustaining national financial stability.,Common Uncountable Nouns List,Common Uncountable Nouns List,Uncountable Nouns,https://ieltsliz.com/uncountable-nouns-word-list/
IELTS-VOCAB-0689,butter,uncountable noun,"An essential agricultural commodity, food staple, or material: butter.",,,Agricultural economists analyze global supply chains to ensure the stable production and distribution of butter.,Common Uncountable Nouns List,Common Uncountable Nouns List,Uncountable Nouns,https://ieltsliz.com/uncountable-nouns-word-list/
IELTS-VOCAB-0690,calm,uncountable noun,"A commendable human virtue, emotional trait, or attribute: calm.",,,Educational psychologists emphasize that cultivating genuine calm plays a vital role in positive personal character development.,Common Uncountable Nouns List,Common Uncountable Nouns List,Uncountable Nouns,https://ieltsliz.com/uncountable-nouns-word-list/
IELTS-VOCAB-0691,cash,uncountable noun,A key factor in economic systems and financial commerce: cash.,,,Economic analysts argue that the strategic management of cash is indispensable for sustaining national financial stability.,Common Uncountable Nouns List,Common Uncountable Nouns List,Uncountable Nouns,https://ieltsliz.com/uncountable-nouns-word-list/
IELTS-VOCAB-0692,chaos,uncountable noun,A serious socio-economic or personal adversity: chaos.,,,Sociological researchers emphasize the urgent necessity of mitigating systemic chaos within vulnerable urban communities.,Common Uncountable Nouns List,Common Uncountable Nouns List,Uncountable Nouns,https://ieltsliz.com/uncountable-nouns-word-list/
IELTS-VOCAB-0693,cheese,uncountable noun,"An essential agricultural commodity, food staple, or material: cheese.",,,Agricultural economists analyze global supply chains to ensure the stable production and distribution of cheese.,Common Uncountable Nouns List,Common Uncountable Nouns List,Uncountable Nouns,https://ieltsliz.com/uncountable-nouns-word-list/
IELTS-VOCAB-0694,childhood,uncountable noun,The state or period of being a child.,,,Developmental psychologists emphasize that a nurturing environment during early childhood fosters long-term emotional resilience.,Common Uncountable Nouns List,Common Uncountable Nouns List,Uncountable Nouns,https://ieltsliz.com/uncountable-nouns-word-list/
IELTS-VOCAB-0695,clothing,uncountable noun,"A category of domestic, personal, or workplace necessities: clothing.",,,"In modern households and workplaces, organizing functional clothing improves overall efficiency and personal wellbeing.",Common Uncountable Nouns List,Common Uncountable Nouns List,Uncountable Nouns,https://ieltsliz.com/uncountable-nouns-word-list/
IELTS-VOCAB-0696,coffee,uncountable noun,"An essential agricultural commodity, food staple, or material: coffee.",,,Agricultural economists analyze global supply chains to ensure the stable production and distribution of coffee.,Common Uncountable Nouns List,Common Uncountable Nouns List,Uncountable Nouns,https://ieltsliz.com/uncountable-nouns-word-list/
IELTS-VOCAB-0697,content,uncountable noun,"A foundational academic, linguistic, or intellectual concept: content.",,,"In academic research, gathering reliable empirical content is essential for formulating robust, evidence-based conclusions.",Common Uncountable Nouns List,Common Uncountable Nouns List,Uncountable Nouns,https://ieltsliz.com/uncountable-nouns-word-list/
IELTS-VOCAB-0698,corruption,uncountable noun,A serious socio-economic or personal adversity: corruption.,,,Sociological researchers emphasize the urgent necessity of mitigating systemic corruption within vulnerable urban communities.,Common Uncountable Nouns List,Common Uncountable Nouns List,Uncountable Nouns,https://ieltsliz.com/uncountable-nouns-word-list/
IELTS-VOCAB-0699,courage,uncountable noun,"A commendable human virtue, emotional trait, or attribute: courage.",,,Educational psychologists emphasize that cultivating genuine courage plays a vital role in positive personal character development.,Common Uncountable Nouns List,Common Uncountable Nouns List,Uncountable Nouns,https://ieltsliz.com/uncountable-nouns-word-list/
IELTS-VOCAB-0700,currency,uncountable noun,A key factor in economic systems and financial commerce: currency.,,,Economic analysts argue that the strategic management of currency is indispensable for sustaining national financial stability.,Common Uncountable Nouns List,Common Uncountable Nouns List,Uncountable Nouns,https://ieltsliz.com/uncountable-nouns-word-list/
IELTS-VOCAB-0701,damage,uncountable noun,A serious socio-economic or personal adversity: damage.,,,Sociological researchers emphasize the urgent necessity of mitigating systemic damage within vulnerable urban communities.,Common Uncountable Nouns List,Common Uncountable Nouns List,Uncountable Nouns,https://ieltsliz.com/uncountable-nouns-word-list/
IELTS-VOCAB-0702,danger,uncountable noun,A serious socio-economic or personal adversity: danger.,,,Sociological researchers emphasize the urgent necessity of mitigating systemic danger within vulnerable urban communities.,Common Uncountable Nouns List,Common Uncountable Nouns List,Uncountable Nouns,https://ieltsliz.com/uncountable-nouns-word-list/
IELTS-VOCAB-0703,darkness,uncountable noun,A serious socio-economic or personal adversity: darkness.,,,Sociological researchers emphasize the urgent necessity of mitigating systemic darkness within vulnerable urban communities.,Common Uncountable Nouns List,Common Uncountable Nouns List,Uncountable Nouns,https://ieltsliz.com/uncountable-nouns-word-list/
IELTS-VOCAB-0704,data,uncountable noun,"A foundational academic, linguistic, or intellectual concept: data.",,,"In academic research, gathering reliable empirical data is essential for formulating robust, evidence-based conclusions.",Common Uncountable Nouns List,Common Uncountable Nouns List,Uncountable Nouns,https://ieltsliz.com/uncountable-nouns-word-list/
IELTS-VOCAB-0705,determination,uncountable noun,"A commendable human virtue, emotional trait, or attribute: determination.",,,Educational psychologists emphasize that cultivating genuine determination plays a vital role in positive personal character development.,Common Uncountable Nouns List,Common Uncountable Nouns List,Uncountable Nouns,https://ieltsliz.com/uncountable-nouns-word-list/
IELTS-VOCAB-0706,economics,uncountable noun,A key factor in economic systems and financial commerce: economics.,,,Economic analysts argue that the strategic management of economics is indispensable for sustaining national financial stability.,Common Uncountable Nouns List,Common Uncountable Nouns List,Uncountable Nouns,https://ieltsliz.com/uncountable-nouns-word-list/
IELTS-VOCAB-0707,education,uncountable noun,"An essential social service, resource, or public good: education.",,,Sociological studies demonstrate that equitable access to reliable education directly correlates with higher living standards.,Common Uncountable Nouns List,Common Uncountable Nouns List,Uncountable Nouns,https://ieltsliz.com/uncountable-nouns-word-list/
IELTS-VOCAB-0708,electricity,uncountable noun,"An essential social service, resource, or public good: electricity.",,,Sociological studies demonstrate that equitable access to reliable electricity directly correlates with higher living standards.,Common Uncountable Nouns List,Common Uncountable Nouns List,Uncountable Nouns,https://ieltsliz.com/uncountable-nouns-word-list/
IELTS-VOCAB-0709,employment,uncountable noun,A key factor in economic systems and financial commerce: employment.,,,Economic analysts argue that the strategic management of employment is indispensable for sustaining national financial stability.,Common Uncountable Nouns List,Common Uncountable Nouns List,Uncountable Nouns,https://ieltsliz.com/uncountable-nouns-word-list/
IELTS-VOCAB-0710,energy,uncountable noun,"An essential social service, resource, or public good: energy.",,,Sociological studies demonstrate that equitable access to reliable energy directly correlates with higher living standards.,Common Uncountable Nouns List,Common Uncountable Nouns List,Uncountable Nouns,https://ieltsliz.com/uncountable-nouns-word-list/
IELTS-VOCAB-0711,entertainment,uncountable noun,Amusement or diversion provided by performers or media.,,,The proliferation of digital streaming platforms has transformed how modern audiences consume commercial entertainment.,Common Uncountable Nouns List,Common Uncountable Nouns List,Uncountable Nouns,https://ieltsliz.com/uncountable-nouns-word-list/
IELTS-VOCAB-0712,enthusiasm,uncountable noun,"A commendable human virtue, emotional trait, or attribute: enthusiasm.",,,Educational psychologists emphasize that cultivating genuine enthusiasm plays a vital role in positive personal character development.,Common Uncountable Nouns List,Common Uncountable Nouns List,Uncountable Nouns,https://ieltsliz.com/uncountable-nouns-word-list/
IELTS-VOCAB-0713,equipment,uncountable noun,"A category of domestic, personal, or workplace necessities: equipment.",,"apparatus, gear, instruments","In modern households and workplaces, organizing functional equipment improves overall efficiency and personal wellbeing.",Common Uncountable Nouns List,Common Uncountable Nouns List,Uncountable Nouns,https://ieltsliz.com/uncountable-nouns-word-list/
IELTS-VOCAB-0714,evidence,uncountable noun,"A foundational academic, linguistic, or intellectual concept: evidence.",,,"In academic research, gathering reliable empirical evidence is essential for formulating robust, evidence-based conclusions.",Common Uncountable Nouns List,Common Uncountable Nouns List,Uncountable Nouns,https://ieltsliz.com/uncountable-nouns-word-list/
IELTS-VOCAB-0715,failure,uncountable noun,A serious socio-economic or personal adversity: failure.,,,Sociological researchers emphasize the urgent necessity of mitigating systemic failure within vulnerable urban communities.,Common Uncountable Nouns List,Common Uncountable Nouns List,Uncountable Nouns,https://ieltsliz.com/uncountable-nouns-word-list/
IELTS-VOCAB-0716,fame,uncountable noun,The state of being widely known or recognized by the public.,,,Sociologists analyze the psychological consequences of achieving sudden public fame in the modern media spotlight.,Common Uncountable Nouns List,Common Uncountable Nouns List,Uncountable Nouns,https://ieltsliz.com/uncountable-nouns-word-list/
IELTS-VOCAB-0717,feelings,uncountable noun,"A commendable human virtue, emotional trait, or attribute: feelings.",,,Educational psychologists emphasize that cultivating genuine feelings plays a vital role in positive personal character development.,Common Uncountable Nouns List,Common Uncountable Nouns List,Uncountable Nouns,https://ieltsliz.com/uncountable-nouns-word-list/
IELTS-VOCAB-0718,fire,uncountable noun,A natural environmental element or physical phenomenon: fire.,,,Environmental scientists study how shifts in atmospheric fire impact fragile regional ecosystems.,Common Uncountable Nouns List,Common Uncountable Nouns List,Uncountable Nouns,https://ieltsliz.com/uncountable-nouns-word-list/
IELTS-VOCAB-0719,flour,uncountable noun,"An essential agricultural commodity, food staple, or material: flour.",,,Agricultural economists analyze global supply chains to ensure the stable production and distribution of flour.,Common Uncountable Nouns List,Common Uncountable Nouns List,Uncountable Nouns,https://ieltsliz.com/uncountable-nouns-word-list/
IELTS-VOCAB-0720,food,uncountable noun,"An essential agricultural commodity, food staple, or material: food.",,,Agricultural economists analyze global supply chains to ensure the stable production and distribution of food.,Common Uncountable Nouns List,Common Uncountable Nouns List,Uncountable Nouns,https://ieltsliz.com/uncountable-nouns-word-list/
IELTS-VOCAB-0721,freedom,uncountable noun,"A commendable human virtue, emotional trait, or attribute: freedom.",,,Educational psychologists emphasize that cultivating genuine freedom plays a vital role in positive personal character development.,Common Uncountable Nouns List,Common Uncountable Nouns List,Uncountable Nouns,https://ieltsliz.com/uncountable-nouns-word-list/
IELTS-VOCAB-0722,friendship,uncountable noun,"A commendable human virtue, emotional trait, or attribute: friendship.",,,Educational psychologists emphasize that cultivating genuine friendship plays a vital role in positive personal character development.,Common Uncountable Nouns List,Common Uncountable Nouns List,Uncountable Nouns,https://ieltsliz.com/uncountable-nouns-word-list/
IELTS-VOCAB-0723,fuel,uncountable noun,A key factor in economic systems and financial commerce: fuel.,,,Economic analysts argue that the strategic management of fuel is indispensable for sustaining national financial stability.,Common Uncountable Nouns List,Common Uncountable Nouns List,Uncountable Nouns,https://ieltsliz.com/uncountable-nouns-word-list/
IELTS-VOCAB-0724,fun,uncountable noun,"Enjoyment, amusement, or lighthearted pleasure.",,,Pedagogical experts encourage incorporating interactive group activities into primary classrooms to make learning genuine fun.,Common Uncountable Nouns List,Common Uncountable Nouns List,Uncountable Nouns,https://ieltsliz.com/uncountable-nouns-word-list/
IELTS-VOCAB-0725,furniture,uncountable noun,"A category of domestic, personal, or workplace necessities: furniture.",,"fittings, furnishings","In modern households and workplaces, organizing functional furniture improves overall efficiency and personal wellbeing.",Common Uncountable Nouns List,Common Uncountable Nouns List,Uncountable Nouns,https://ieltsliz.com/uncountable-nouns-word-list/
IELTS-VOCAB-0726,gas,uncountable noun,A key factor in economic systems and financial commerce: gas.,,,Economic analysts argue that the strategic management of gas is indispensable for sustaining national financial stability.,Common Uncountable Nouns List,Common Uncountable Nouns List,Uncountable Nouns,https://ieltsliz.com/uncountable-nouns-word-list/
IELTS-VOCAB-0727,genetics,uncountable noun,"A foundational academic, linguistic, or intellectual concept: genetics.",,,"In academic research, gathering reliable empirical genetics is essential for formulating robust, evidence-based conclusions.",Common Uncountable Nouns List,Common Uncountable Nouns List,Uncountable Nouns,https://ieltsliz.com/uncountable-nouns-word-list/
IELTS-VOCAB-0728,gold,uncountable noun,A key factor in economic systems and financial commerce: gold.,,,Economic analysts argue that the strategic management of gold is indispensable for sustaining national financial stability.,Common Uncountable Nouns List,Common Uncountable Nouns List,Uncountable Nouns,https://ieltsliz.com/uncountable-nouns-word-list/
IELTS-VOCAB-0729,grammar,uncountable noun,"A foundational academic, linguistic, or intellectual concept: grammar.",,,"In academic research, gathering reliable empirical grammar is essential for formulating robust, evidence-based conclusions.",Common Uncountable Nouns List,Common Uncountable Nouns List,Uncountable Nouns,https://ieltsliz.com/uncountable-nouns-word-list/
IELTS-VOCAB-0730,guilt,uncountable noun,A serious socio-economic or personal adversity: guilt.,,,Sociological researchers emphasize the urgent necessity of mitigating systemic guilt within vulnerable urban communities.,Common Uncountable Nouns List,Common Uncountable Nouns List,Uncountable Nouns,https://ieltsliz.com/uncountable-nouns-word-list/
IELTS-VOCAB-0731,hair,uncountable noun,"A category of domestic, personal, or workplace necessities: hair.",,,"In modern households and workplaces, organizing functional hair improves overall efficiency and personal wellbeing.",Common Uncountable Nouns List,Common Uncountable Nouns List,Uncountable Nouns,https://ieltsliz.com/uncountable-nouns-word-list/
IELTS-VOCAB-0732,happiness,uncountable noun,"A commendable human virtue, emotional trait, or attribute: happiness.",,,Educational psychologists emphasize that cultivating genuine happiness plays a vital role in positive personal character development.,Common Uncountable Nouns List,Common Uncountable Nouns List,Uncountable Nouns,https://ieltsliz.com/uncountable-nouns-word-list/
IELTS-VOCAB-0733,harm,uncountable noun,A serious socio-economic or personal adversity: harm.,,,Sociological researchers emphasize the urgent necessity of mitigating systemic harm within vulnerable urban communities.,Common Uncountable Nouns List,Common Uncountable Nouns List,Uncountable Nouns,https://ieltsliz.com/uncountable-nouns-word-list/
IELTS-VOCAB-0734,health,uncountable noun,"An essential social service, resource, or public good: health.",,,Sociological studies demonstrate that equitable access to reliable health directly correlates with higher living standards.,Common Uncountable Nouns List,Common Uncountable Nouns List,Uncountable Nouns,https://ieltsliz.com/uncountable-nouns-word-list/
IELTS-VOCAB-0735,heat,uncountable noun,A natural environmental element or physical phenomenon: heat.,,,Environmental scientists study how shifts in atmospheric heat impact fragile regional ecosystems.,Common Uncountable Nouns List,Common Uncountable Nouns List,Uncountable Nouns,https://ieltsliz.com/uncountable-nouns-word-list/
IELTS-VOCAB-0736,help,uncountable noun,"An essential social service, resource, or public good: help.",,,Sociological studies demonstrate that equitable access to reliable help directly correlates with higher living standards.,Common Uncountable Nouns List,Common Uncountable Nouns List,Uncountable Nouns,https://ieltsliz.com/uncountable-nouns-word-list/
IELTS-VOCAB-0738,homework,uncountable noun,"A category of domestic, personal, or workplace necessities: homework.",,,"In modern households and workplaces, organizing functional homework improves overall efficiency and personal wellbeing.",Common Uncountable Nouns List,Common Uncountable Nouns List,Uncountable Nouns,https://ieltsliz.com/uncountable-nouns-word-list/
IELTS-VOCAB-0739,honesty,uncountable noun,"A commendable human virtue, emotional trait, or attribute: honesty.",,,Educational psychologists emphasize that cultivating genuine honesty plays a vital role in positive personal character development.,Common Uncountable Nouns List,Common Uncountable Nouns List,Uncountable Nouns,https://ieltsliz.com/uncountable-nouns-word-list/
IELTS-VOCAB-0740,hospitality,uncountable noun,"An essential social service, resource, or public good: hospitality.",,,Sociological studies demonstrate that equitable access to reliable hospitality directly correlates with higher living standards.,Common Uncountable Nouns List,Common Uncountable Nouns List,Uncountable Nouns,https://ieltsliz.com/uncountable-nouns-word-list/
IELTS-VOCAB-0741,housework,uncountable noun,"A category of domestic, personal, or workplace necessities: housework.",,,"In modern households and workplaces, organizing functional housework improves overall efficiency and personal wellbeing.",Common Uncountable Nouns List,Common Uncountable Nouns List,Uncountable Nouns,https://ieltsliz.com/uncountable-nouns-word-list/
IELTS-VOCAB-0743,humour,uncountable noun,"A commendable human virtue, emotional trait, or attribute: humour.",,,Educational psychologists emphasize that cultivating genuine humour plays a vital role in positive personal character development.,Common Uncountable Nouns List,Common Uncountable Nouns List,Uncountable Nouns,https://ieltsliz.com/uncountable-nouns-word-list/
IELTS-VOCAB-0744,imagination,uncountable noun,"A commendable human virtue, emotional trait, or attribute: imagination.",,,Educational psychologists emphasize that cultivating genuine imagination plays a vital role in positive personal character development.,Common Uncountable Nouns List,Common Uncountable Nouns List,Uncountable Nouns,https://ieltsliz.com/uncountable-nouns-word-list/
IELTS-VOCAB-0745,importance,uncountable noun,"A commendable human virtue, emotional trait, or attribute: importance.",,,Educational psychologists emphasize that cultivating genuine importance plays a vital role in positive personal character development.,Common Uncountable Nouns List,Common Uncountable Nouns List,Uncountable Nouns,https://ieltsliz.com/uncountable-nouns-word-list/
IELTS-VOCAB-0746,information,uncountable noun,"A foundational academic, linguistic, or intellectual concept: information.",,"data, intelligence, facts","In academic research, gathering reliable empirical information is essential for formulating robust, evidence-based conclusions.",Common Uncountable Nouns List,Common Uncountable Nouns List,Uncountable Nouns,https://ieltsliz.com/uncountable-nouns-word-list/
IELTS-VOCAB-0747,innocence,uncountable noun,"A commendable human virtue, emotional trait, or attribute: innocence.",,,Educational psychologists emphasize that cultivating genuine innocence plays a vital role in positive personal character development.,Common Uncountable Nouns List,Common Uncountable Nouns List,Uncountable Nouns,https://ieltsliz.com/uncountable-nouns-word-list/
IELTS-VOCAB-0748,intelligence,uncountable noun,"A foundational academic, linguistic, or intellectual concept: intelligence.",,,"In academic research, gathering reliable empirical intelligence is essential for formulating robust, evidence-based conclusions.",Common Uncountable Nouns List,Common Uncountable Nouns List,Uncountable Nouns,https://ieltsliz.com/uncountable-nouns-word-list/
IELTS-VOCAB-0750,jealousy,uncountable noun,A serious socio-economic or personal adversity: jealousy.,,,Sociological researchers emphasize the urgent necessity of mitigating systemic jealousy within vulnerable urban communities.,Common Uncountable Nouns List,Common Uncountable Nouns List,Uncountable Nouns,https://ieltsliz.com/uncountable-nouns-word-list/
IELTS-VOCAB-0751,juice,uncountable noun,"An essential agricultural commodity, food staple, or material: juice.",,,Agricultural economists analyze global supply chains to ensure the stable production and distribution of juice.,Common Uncountable Nouns List,Common Uncountable Nouns List,Uncountable Nouns,https://ieltsliz.com/uncountable-nouns-word-list/
IELTS-VOCAB-0752,justice,uncountable noun,Fair treatment and the administration of law based on impartiality.,,,A truly democratic society is fundamentally founded on the impartial administration of justice under constitutional law.,Common Uncountable Nouns List,Common Uncountable Nouns List,Uncountable Nouns,https://ieltsliz.com/uncountable-nouns-word-list/
IELTS-VOCAB-0753,kindness,uncountable noun,"A commendable human virtue, emotional trait, or attribute: kindness.",,,Educational psychologists emphasize that cultivating genuine kindness plays a vital role in positive personal character development.,Common Uncountable Nouns List,Common Uncountable Nouns List,Uncountable Nouns,https://ieltsliz.com/uncountable-nouns-word-list/
IELTS-VOCAB-0754,knowledge,uncountable noun,"A foundational academic, linguistic, or intellectual concept: knowledge.",,,"In academic research, gathering reliable empirical knowledge is essential for formulating robust, evidence-based conclusions.",Common Uncountable Nouns List,Common Uncountable Nouns List,Uncountable Nouns,https://ieltsliz.com/uncountable-nouns-word-list/
IELTS-VOCAB-0755,labour,uncountable noun,A key factor in economic systems and financial commerce: labour.,,,Economic analysts argue that the strategic management of labour is indispensable for sustaining national financial stability.,Common Uncountable Nouns List,Common Uncountable Nouns List,Uncountable Nouns,https://ieltsliz.com/uncountable-nouns-word-list/
IELTS-VOCAB-0756,lack,uncountable noun,"A deficiency, absence, or shortage of something needed.",,,Public health analysts point out that impoverished rural clinics suffer from a severe lack of qualified medical personnel.,Common Uncountable Nouns List,Common Uncountable Nouns List,Uncountable Nouns,https://ieltsliz.com/uncountable-nouns-word-list/
IELTS-VOCAB-0757,laughter,uncountable noun,"A commendable human virtue, emotional trait, or attribute: laughter.",,,Educational psychologists emphasize that cultivating genuine laughter plays a vital role in positive personal character development.,Common Uncountable Nouns List,Common Uncountable Nouns List,Uncountable Nouns,https://ieltsliz.com/uncountable-nouns-word-list/
IELTS-VOCAB-0758,leisure,uncountable noun,"A category of domestic, personal, or workplace necessities: leisure.",,,"In modern households and workplaces, organizing functional leisure improves overall efficiency and personal wellbeing.",Common Uncountable Nouns List,Common Uncountable Nouns List,Uncountable Nouns,https://ieltsliz.com/uncountable-nouns-word-list/
IELTS-VOCAB-0760,literature,uncountable noun,"A foundational academic, linguistic, or intellectual concept: literature.",,,"In academic research, gathering reliable empirical literature is essential for formulating robust, evidence-based conclusions.",Common Uncountable Nouns List,Common Uncountable Nouns List,Uncountable Nouns,https://ieltsliz.com/uncountable-nouns-word-list/
IELTS-VOCAB-0761,litter,uncountable noun,A serious socio-economic or personal adversity: litter.,,,Sociological researchers emphasize the urgent necessity of mitigating systemic litter within vulnerable urban communities.,Common Uncountable Nouns List,Common Uncountable Nouns List,Uncountable Nouns,https://ieltsliz.com/uncountable-nouns-word-list/
IELTS-VOCAB-0762,logic,uncountable noun,"A foundational academic, linguistic, or intellectual concept: logic.",,,"In academic research, gathering reliable empirical logic is essential for formulating robust, evidence-based conclusions.",Common Uncountable Nouns List,Common Uncountable Nouns List,Uncountable Nouns,https://ieltsliz.com/uncountable-nouns-word-list/
IELTS-VOCAB-0763,love,uncountable noun,"A commendable human virtue, emotional trait, or attribute: love.",,,Educational psychologists emphasize that cultivating genuine love plays a vital role in positive personal character development.,Common Uncountable Nouns List,Common Uncountable Nouns List,Uncountable Nouns,https://ieltsliz.com/uncountable-nouns-word-list/
IELTS-VOCAB-0764,luck,uncountable noun,"A commendable human virtue, emotional trait, or attribute: luck.",,,Educational psychologists emphasize that cultivating genuine luck plays a vital role in positive personal character development.,Common Uncountable Nouns List,Common Uncountable Nouns List,Uncountable Nouns,https://ieltsliz.com/uncountable-nouns-word-list/
IELTS-VOCAB-0765,magic,uncountable noun,The power of apparently influencing events by using mysterious forces.,,,Traditional folkloric storytellers often used elements of mystical magic to explain perplexing natural phenomena.,Common Uncountable Nouns List,Common Uncountable Nouns List,Uncountable Nouns,https://ieltsliz.com/uncountable-nouns-word-list/
IELTS-VOCAB-0766,management,uncountable noun,A key factor in economic systems and financial commerce: management.,,,Economic analysts argue that the strategic management of management is indispensable for sustaining national financial stability.,Common Uncountable Nouns List,Common Uncountable Nouns List,Uncountable Nouns,https://ieltsliz.com/uncountable-nouns-word-list/
IELTS-VOCAB-0771,metal,uncountable noun,A key factor in economic systems and financial commerce: metal.,,,Economic analysts argue that the strategic management of metal is indispensable for sustaining national financial stability.,Common Uncountable Nouns List,Common Uncountable Nouns List,Uncountable Nouns,https://ieltsliz.com/uncountable-nouns-word-list/
IELTS-VOCAB-0772,milk,uncountable noun,"An essential agricultural commodity, food staple, or material: milk.",,,Agricultural economists analyze global supply chains to ensure the stable production and distribution of milk.,Common Uncountable Nouns List,Common Uncountable Nouns List,Uncountable Nouns,https://ieltsliz.com/uncountable-nouns-word-list/
IELTS-VOCAB-0773,money,uncountable noun,A key factor in economic systems and financial commerce: money.,,,Economic analysts argue that the strategic management of money is indispensable for sustaining national financial stability.,Common Uncountable Nouns List,Common Uncountable Nouns List,Uncountable Nouns,https://ieltsliz.com/uncountable-nouns-word-list/
IELTS-VOCAB-0774,motherhood,uncountable noun,The state or experience of being a mother.,,,Sociological researchers study how societal expectations surrounding early motherhood influence female career progression.,Common Uncountable Nouns List,Common Uncountable Nouns List,Uncountable Nouns,https://ieltsliz.com/uncountable-nouns-word-list/
IELTS-VOCAB-0775,motivation,uncountable noun,"A commendable human virtue, emotional trait, or attribute: motivation.",,,Educational psychologists emphasize that cultivating genuine motivation plays a vital role in positive personal character development.,Common Uncountable Nouns List,Common Uncountable Nouns List,Uncountable Nouns,https://ieltsliz.com/uncountable-nouns-word-list/
IELTS-VOCAB-0777,music,uncountable noun,Vocal or instrumental sounds combined in producing harmony and beauty.,,,Cognitive scientists have shown that regular engagement with instrumental music enhances neural plasticity in the brain.,Common Uncountable Nouns List,Common Uncountable Nouns List,Uncountable Nouns,https://ieltsliz.com/uncountable-nouns-word-list/
IELTS-VOCAB-0779,nature,uncountable noun,A natural environmental element or physical phenomenon: nature.,,,Environmental scientists study how shifts in atmospheric nature impact fragile regional ecosystems.,Common Uncountable Nouns List,Common Uncountable Nouns List,Uncountable Nouns,https://ieltsliz.com/uncountable-nouns-word-list/
IELTS-VOCAB-0780,news,uncountable noun,Newly received information about recent events or developments.,,,The rapid spread of online social networks has fundamentally altered how citizens consume breaking international news.,Common Uncountable Nouns List,Common Uncountable Nouns List,Uncountable Nouns,https://ieltsliz.com/uncountable-nouns-word-list/
IELTS-VOCAB-0782,nutrition,uncountable noun,"An essential social service, resource, or public good: nutrition.",,,Sociological studies demonstrate that equitable access to reliable nutrition directly correlates with higher living standards.,Common Uncountable Nouns List,Common Uncountable Nouns List,Uncountable Nouns,https://ieltsliz.com/uncountable-nouns-word-list/
IELTS-VOCAB-0783,obesity,uncountable noun,A serious socio-economic or personal adversity: obesity.,,,Sociological researchers emphasize the urgent necessity of mitigating systemic obesity within vulnerable urban communities.,Common Uncountable Nouns List,Common Uncountable Nouns List,Uncountable Nouns,https://ieltsliz.com/uncountable-nouns-word-list/
IELTS-VOCAB-0784,oil,uncountable noun,A key factor in economic systems and financial commerce: oil.,,,Economic analysts argue that the strategic management of oil is indispensable for sustaining national financial stability.,Common Uncountable Nouns List,Common Uncountable Nouns List,Uncountable Nouns,https://ieltsliz.com/uncountable-nouns-word-list/
IELTS-VOCAB-0785,old age,uncountable noun,The later part of normal life; advanced years.,,,Public healthcare infrastructure must expand specialized geriatric services to support citizens entering vulnerable old age.,Common Uncountable Nouns List,Common Uncountable Nouns List,Uncountable Nouns,https://ieltsliz.com/uncountable-nouns-word-list/
IELTS-VOCAB-0786,oxygen,uncountable noun,A natural environmental element or physical phenomenon: oxygen.,,,Environmental scientists study how shifts in atmospheric oxygen impact fragile regional ecosystems.,Common Uncountable Nouns List,Common Uncountable Nouns List,Uncountable Nouns,https://ieltsliz.com/uncountable-nouns-word-list/
IELTS-VOCAB-0787,paper,uncountable noun,"A category of domestic, personal, or workplace necessities: paper.",,,"In modern households and workplaces, organizing functional paper improves overall efficiency and personal wellbeing.",Common Uncountable Nouns List,Common Uncountable Nouns List,Uncountable Nouns,https://ieltsliz.com/uncountable-nouns-word-list/
IELTS-VOCAB-0788,patience,uncountable noun,"A commendable human virtue, emotional trait, or attribute: patience.",,,Educational psychologists emphasize that cultivating genuine patience plays a vital role in positive personal character development.,Common Uncountable Nouns List,Common Uncountable Nouns List,Uncountable Nouns,https://ieltsliz.com/uncountable-nouns-word-list/
IELTS-VOCAB-0789,permission,uncountable noun,"Consent, authorization, or official agreement.",,,Researchers were legally required to obtain formal parental permission before conducting psychological surveys with minors.,Common Uncountable Nouns List,Common Uncountable Nouns List,Uncountable Nouns,https://ieltsliz.com/uncountable-nouns-word-list/
IELTS-VOCAB-0790,pollution,uncountable noun,A serious socio-economic or personal adversity: pollution.,,,Sociological researchers emphasize the urgent necessity of mitigating systemic pollution within vulnerable urban communities.,Common Uncountable Nouns List,Common Uncountable Nouns List,Uncountable Nouns,https://ieltsliz.com/uncountable-nouns-word-list/
IELTS-VOCAB-0791,poverty,uncountable noun,A serious socio-economic or personal adversity: poverty.,,,Sociological researchers emphasize the urgent necessity of mitigating systemic poverty within vulnerable urban communities.,Common Uncountable Nouns List,Common Uncountable Nouns List,Uncountable Nouns,https://ieltsliz.com/uncountable-nouns-word-list/
IELTS-VOCAB-0793,power,uncountable noun,A key factor in economic systems and financial commerce: power.,,,Economic analysts argue that the strategic management of power is indispensable for sustaining national financial stability.,Common Uncountable Nouns List,Common Uncountable Nouns List,Uncountable Nouns,https://ieltsliz.com/uncountable-nouns-word-list/
IELTS-VOCAB-0794,pride,uncountable noun,"A commendable human virtue, emotional trait, or attribute: pride.",,,Educational psychologists emphasize that cultivating genuine pride plays a vital role in positive personal character development.,Common Uncountable Nouns List,Common Uncountable Nouns List,Uncountable Nouns,https://ieltsliz.com/uncountable-nouns-word-list/
IELTS-VOCAB-0795,production,uncountable noun,A key factor in economic systems and financial commerce: production.,,,Economic analysts argue that the strategic management of production is indispensable for sustaining national financial stability.,Common Uncountable Nouns List,Common Uncountable Nouns List,Uncountable Nouns,https://ieltsliz.com/uncountable-nouns-word-list/
IELTS-VOCAB-0796,progress,uncountable noun,A key factor in economic systems and financial commerce: progress.,,,Economic analysts argue that the strategic management of progress is indispensable for sustaining national financial stability.,Common Uncountable Nouns List,Common Uncountable Nouns List,Uncountable Nouns,https://ieltsliz.com/uncountable-nouns-word-list/
IELTS-VOCAB-0797,pronunciation,uncountable noun,"A foundational academic, linguistic, or intellectual concept: pronunciation.",,,"In academic research, gathering reliable empirical pronunciation is essential for formulating robust, evidence-based conclusions.",Common Uncountable Nouns List,Common Uncountable Nouns List,Uncountable Nouns,https://ieltsliz.com/uncountable-nouns-word-list/
IELTS-VOCAB-0798,publicity,uncountable noun,A key factor in economic systems and financial commerce: publicity.,,,Economic analysts argue that the strategic management of publicity is indispensable for sustaining national financial stability.,Common Uncountable Nouns List,Common Uncountable Nouns List,Uncountable Nouns,https://ieltsliz.com/uncountable-nouns-word-list/
IELTS-VOCAB-0799,punctuation,uncountable noun,"A foundational academic, linguistic, or intellectual concept: punctuation.",,,"In academic research, gathering reliable empirical punctuation is essential for formulating robust, evidence-based conclusions.",Common Uncountable Nouns List,Common Uncountable Nouns List,Uncountable Nouns,https://ieltsliz.com/uncountable-nouns-word-list/
IELTS-VOCAB-0800,quality,uncountable noun,A key factor in economic systems and financial commerce: quality.,,,Economic analysts argue that the strategic management of quality is indispensable for sustaining national financial stability.,Common Uncountable Nouns List,Common Uncountable Nouns List,Uncountable Nouns,https://ieltsliz.com/uncountable-nouns-word-list/
IELTS-VOCAB-0801,quantity,uncountable noun,A key factor in economic systems and financial commerce: quantity.,,,Economic analysts argue that the strategic management of quantity is indispensable for sustaining national financial stability.,Common Uncountable Nouns List,Common Uncountable Nouns List,Uncountable Nouns,https://ieltsliz.com/uncountable-nouns-word-list/
IELTS-VOCAB-0802,racism,uncountable noun,A serious socio-economic or personal adversity: racism.,,,Sociological researchers emphasize the urgent necessity of mitigating systemic racism within vulnerable urban communities.,Common Uncountable Nouns List,Common Uncountable Nouns List,Uncountable Nouns,https://ieltsliz.com/uncountable-nouns-word-list/
IELTS-VOCAB-0803,rain,uncountable noun,A natural environmental element or physical phenomenon: rain.,,,Environmental scientists study how shifts in atmospheric rain impact fragile regional ecosystems.,Common Uncountable Nouns List,Common Uncountable Nouns List,Uncountable Nouns,https://ieltsliz.com/uncountable-nouns-word-list/
IELTS-VOCAB-0804,relaxation,uncountable noun,"A category of domestic, personal, or workplace necessities: relaxation.",,,"In modern households and workplaces, organizing functional relaxation improves overall efficiency and personal wellbeing.",Common Uncountable Nouns List,Common Uncountable Nouns List,Uncountable Nouns,https://ieltsliz.com/uncountable-nouns-word-list/
IELTS-VOCAB-0805,research,uncountable noun,"A foundational academic, linguistic, or intellectual concept: research.",,"investigation, empirical study, analysis","In academic research, gathering reliable empirical research is essential for formulating robust, evidence-based conclusions.",Common Uncountable Nouns List,Common Uncountable Nouns List,Uncountable Nouns,https://ieltsliz.com/uncountable-nouns-word-list/
IELTS-VOCAB-0806,respect,uncountable noun,"A commendable human virtue, emotional trait, or attribute: respect.",,,Educational psychologists emphasize that cultivating genuine respect plays a vital role in positive personal character development.,Common Uncountable Nouns List,Common Uncountable Nouns List,Uncountable Nouns,https://ieltsliz.com/uncountable-nouns-word-list/
IELTS-VOCAB-0807,rice,uncountable noun,"An essential agricultural commodity, food staple, or material: rice.",,,Agricultural economists analyze global supply chains to ensure the stable production and distribution of rice.,Common Uncountable Nouns List,Common Uncountable Nouns List,Uncountable Nouns,https://ieltsliz.com/uncountable-nouns-word-list/
IELTS-VOCAB-0808,room,uncountable noun,"A category of domestic, personal, or workplace necessities: room.",,,"In modern households and workplaces, organizing functional room improves overall efficiency and personal wellbeing.",Common Uncountable Nouns List,Common Uncountable Nouns List,Uncountable Nouns,https://ieltsliz.com/uncountable-nouns-word-list/
IELTS-VOCAB-0809,rubbish,uncountable noun,A serious socio-economic or personal adversity: rubbish.,,,Sociological researchers emphasize the urgent necessity of mitigating systemic rubbish within vulnerable urban communities.,Common Uncountable Nouns List,Common Uncountable Nouns List,Uncountable Nouns,https://ieltsliz.com/uncountable-nouns-word-list/
IELTS-VOCAB-0810,safety,uncountable noun,"An essential social service, resource, or public good: safety.",,,Sociological studies demonstrate that equitable access to reliable safety directly correlates with higher living standards.,Common Uncountable Nouns List,Common Uncountable Nouns List,Uncountable Nouns,https://ieltsliz.com/uncountable-nouns-word-list/
IELTS-VOCAB-0811,salt,uncountable noun,"An essential agricultural commodity, food staple, or material: salt.",,,Agricultural economists analyze global supply chains to ensure the stable production and distribution of salt.,Common Uncountable Nouns List,Common Uncountable Nouns List,Uncountable Nouns,https://ieltsliz.com/uncountable-nouns-word-list/
IELTS-VOCAB-0812,sand,uncountable noun,"An essential agricultural commodity, food staple, or material: sand.",,,Agricultural economists analyze global supply chains to ensure the stable production and distribution of sand.,Common Uncountable Nouns List,Common Uncountable Nouns List,Uncountable Nouns,https://ieltsliz.com/uncountable-nouns-word-list/
IELTS-VOCAB-0813,seafood,uncountable noun,"An essential agricultural commodity, food staple, or material: seafood.",,,Agricultural economists analyze global supply chains to ensure the stable production and distribution of seafood.,Common Uncountable Nouns List,Common Uncountable Nouns List,Uncountable Nouns,https://ieltsliz.com/uncountable-nouns-word-list/
IELTS-VOCAB-0814,shopping,uncountable noun,"A category of domestic, personal, or workplace necessities: shopping.",,,"In modern households and workplaces, organizing functional shopping improves overall efficiency and personal wellbeing.",Common Uncountable Nouns List,Common Uncountable Nouns List,Uncountable Nouns,https://ieltsliz.com/uncountable-nouns-word-list/
IELTS-VOCAB-0815,silence,uncountable noun,"A commendable human virtue, emotional trait, or attribute: silence.",,,Educational psychologists emphasize that cultivating genuine silence plays a vital role in positive personal character development.,Common Uncountable Nouns List,Common Uncountable Nouns List,Uncountable Nouns,https://ieltsliz.com/uncountable-nouns-word-list/
IELTS-VOCAB-0816,smoke,uncountable noun,A serious socio-economic or personal adversity: smoke.,,,Sociological researchers emphasize the urgent necessity of mitigating systemic smoke within vulnerable urban communities.,Common Uncountable Nouns List,Common Uncountable Nouns List,Uncountable Nouns,https://ieltsliz.com/uncountable-nouns-word-list/
IELTS-VOCAB-0817,snow,uncountable noun,A natural environmental element or physical phenomenon: snow.,,,Environmental scientists study how shifts in atmospheric snow impact fragile regional ecosystems.,Common Uncountable Nouns List,Common Uncountable Nouns List,Uncountable Nouns,https://ieltsliz.com/uncountable-nouns-word-list/
IELTS-VOCAB-0818,software,uncountable noun,"A category of domestic, personal, or workplace necessities: software.",,,"In modern households and workplaces, organizing functional software improves overall efficiency and personal wellbeing.",Common Uncountable Nouns List,Common Uncountable Nouns List,Uncountable Nouns,https://ieltsliz.com/uncountable-nouns-word-list/
IELTS-VOCAB-0823,soup,uncountable noun,"An essential agricultural commodity, food staple, or material: soup.",,,Agricultural economists analyze global supply chains to ensure the stable production and distribution of soup.,Common Uncountable Nouns List,Common Uncountable Nouns List,Uncountable Nouns,https://ieltsliz.com/uncountable-nouns-word-list/
IELTS-VOCAB-0824,speed,uncountable noun,The rate at which someone or something moves or operates.,,,Urban traffic engineers install speed cameras along residential roads to protect pedestrian safety.,Common Uncountable Nouns List,Common Uncountable Nouns List,Uncountable Nouns,https://ieltsliz.com/uncountable-nouns-word-list/
IELTS-VOCAB-0825,spelling,uncountable noun,"A foundational academic, linguistic, or intellectual concept: spelling.",,,"In academic research, gathering reliable empirical spelling is essential for formulating robust, evidence-based conclusions.",Common Uncountable Nouns List,Common Uncountable Nouns List,Uncountable Nouns,https://ieltsliz.com/uncountable-nouns-word-list/
IELTS-VOCAB-0827,stress,uncountable noun,A serious socio-economic or personal adversity: stress.,,,Sociological researchers emphasize the urgent necessity of mitigating systemic stress within vulnerable urban communities.,Common Uncountable Nouns List,Common Uncountable Nouns List,Uncountable Nouns,https://ieltsliz.com/uncountable-nouns-word-list/
IELTS-VOCAB-0828,sugar,uncountable noun,"An essential agricultural commodity, food staple, or material: sugar.",,,Agricultural economists analyze global supply chains to ensure the stable production and distribution of sugar.,Common Uncountable Nouns List,Common Uncountable Nouns List,Uncountable Nouns,https://ieltsliz.com/uncountable-nouns-word-list/
IELTS-VOCAB-0829,sunshine,uncountable noun,A natural environmental element or physical phenomenon: sunshine.,,,Environmental scientists study how shifts in atmospheric sunshine impact fragile regional ecosystems.,Common Uncountable Nouns List,Common Uncountable Nouns List,Uncountable Nouns,https://ieltsliz.com/uncountable-nouns-word-list/
IELTS-VOCAB-0830,tea,uncountable noun,"An essential agricultural commodity, food staple, or material: tea.",,,Agricultural economists analyze global supply chains to ensure the stable production and distribution of tea.,Common Uncountable Nouns List,Common Uncountable Nouns List,Uncountable Nouns,https://ieltsliz.com/uncountable-nouns-word-list/
IELTS-VOCAB-0831,tennis,uncountable noun,A racket sport played individually or in pairs on a court.,,,Participating in recreational sports such as competitive tennis develops cardiovascular endurance and agility.,Common Uncountable Nouns List,Common Uncountable Nouns List,Uncountable Nouns,https://ieltsliz.com/uncountable-nouns-word-list/
IELTS-VOCAB-0833,time,uncountable noun,The continuous indefinite progress of existence and events.,,,Effective time management skills are indispensable for university students balancing academic deadlines with personal commitments.,Common Uncountable Nouns List,Common Uncountable Nouns List,Uncountable Nouns,https://ieltsliz.com/uncountable-nouns-word-list/
IELTS-VOCAB-0834,tolerance,uncountable noun,"A commendable human virtue, emotional trait, or attribute: tolerance.",,,Educational psychologists emphasize that cultivating genuine tolerance plays a vital role in positive personal character development.,Common Uncountable Nouns List,Common Uncountable Nouns List,Uncountable Nouns,https://ieltsliz.com/uncountable-nouns-word-list/
IELTS-VOCAB-0835,trade,uncountable noun,A key factor in economic systems and financial commerce: trade.,,,Economic analysts argue that the strategic management of trade is indispensable for sustaining national financial stability.,Common Uncountable Nouns List,Common Uncountable Nouns List,Uncountable Nouns,https://ieltsliz.com/uncountable-nouns-word-list/
IELTS-VOCAB-0836,traffic,uncountable noun,Vehicles moving on a public highway or transit system.,,"vehicular congestion, road transit",Metropolitan municipal authorities invest in light rail networks to alleviate persistent vehicular traffic during rush hours.,Common Uncountable Nouns List,Common Uncountable Nouns List,Uncountable Nouns,https://ieltsliz.com/uncountable-nouns-word-list/
IELTS-VOCAB-0837,transportation,uncountable noun,"An essential social service, resource, or public good: transportation.",,,Sociological studies demonstrate that equitable access to reliable transportation directly correlates with higher living standards.,Common Uncountable Nouns List,Common Uncountable Nouns List,Uncountable Nouns,https://ieltsliz.com/uncountable-nouns-word-list/
IELTS-VOCAB-0838,travel,uncountable noun,The action of journeying to different geographical places.,,,Cultural anthropologists argue that international travel broadens cognitive perspectives and fosters intercultural empathy.,Common Uncountable Nouns List,Common Uncountable Nouns List,Uncountable Nouns,https://ieltsliz.com/uncountable-nouns-word-list/
IELTS-VOCAB-0839,trust,uncountable noun,"A commendable human virtue, emotional trait, or attribute: trust.",,,Educational psychologists emphasize that cultivating genuine trust plays a vital role in positive personal character development.,Common Uncountable Nouns List,Common Uncountable Nouns List,Uncountable Nouns,https://ieltsliz.com/uncountable-nouns-word-list/
IELTS-VOCAB-0840,understanding,uncountable noun,"A commendable human virtue, emotional trait, or attribute: understanding.",,,Educational psychologists emphasize that cultivating genuine understanding plays a vital role in positive personal character development.,Common Uncountable Nouns List,Common Uncountable Nouns List,Uncountable Nouns,https://ieltsliz.com/uncountable-nouns-word-list/
IELTS-VOCAB-0841,unemployment,uncountable noun,A serious socio-economic or personal adversity: unemployment.,,,Sociological researchers emphasize the urgent necessity of mitigating systemic unemployment within vulnerable urban communities.,Common Uncountable Nouns List,Common Uncountable Nouns List,Uncountable Nouns,https://ieltsliz.com/uncountable-nouns-word-list/
IELTS-VOCAB-0842,usage,uncountable noun,"A foundational academic, linguistic, or intellectual concept: usage.",,,"In academic research, gathering reliable empirical usage is essential for formulating robust, evidence-based conclusions.",Common Uncountable Nouns List,Common Uncountable Nouns List,Uncountable Nouns,https://ieltsliz.com/uncountable-nouns-word-list/
IELTS-VOCAB-0843,violence,uncountable noun,A serious socio-economic or personal adversity: violence.,,,Sociological researchers emphasize the urgent necessity of mitigating systemic violence within vulnerable urban communities.,Common Uncountable Nouns List,Common Uncountable Nouns List,Uncountable Nouns,https://ieltsliz.com/uncountable-nouns-word-list/
IELTS-VOCAB-0844,vision,uncountable noun,The ability to think about or plan the future with imagination.,,,The university dean articulated a forward-looking educational vision centered on global collaboration and digital innovation.,Common Uncountable Nouns List,Common Uncountable Nouns List,Uncountable Nouns,https://ieltsliz.com/uncountable-nouns-word-list/
IELTS-VOCAB-0845,warmth,uncountable noun,A natural environmental element or physical phenomenon: warmth.,,,Environmental scientists study how shifts in atmospheric warmth impact fragile regional ecosystems.,Common Uncountable Nouns List,Common Uncountable Nouns List,Uncountable Nouns,https://ieltsliz.com/uncountable-nouns-word-list/
IELTS-VOCAB-0846,water,uncountable noun,"An essential agricultural commodity, food staple, or material: water.",,,Agricultural economists analyze global supply chains to ensure the stable production and distribution of water.,Common Uncountable Nouns List,Common Uncountable Nouns List,Uncountable Nouns,https://ieltsliz.com/uncountable-nouns-word-list/
IELTS-VOCAB-0847,wealth,uncountable noun,A key factor in economic systems and financial commerce: wealth.,,,Economic analysts argue that the strategic management of wealth is indispensable for sustaining national financial stability.,Common Uncountable Nouns List,Common Uncountable Nouns List,Uncountable Nouns,https://ieltsliz.com/uncountable-nouns-word-list/
IELTS-VOCAB-0848,weather,uncountable noun,A natural environmental element or physical phenomenon: weather.,,,Environmental scientists study how shifts in atmospheric weather impact fragile regional ecosystems.,Common Uncountable Nouns List,Common Uncountable Nouns List,Uncountable Nouns,https://ieltsliz.com/uncountable-nouns-word-list/
IELTS-VOCAB-0849,weight,uncountable noun,The heaviness or mass of an individual or object.,,,Health organizations recommend balanced nutrition and routine physical activity to maintain a healthy body weight.,Common Uncountable Nouns List,Common Uncountable Nouns List,Uncountable Nouns,https://ieltsliz.com/uncountable-nouns-word-list/
IELTS-VOCAB-0850,welfare,uncountable noun,"An essential social service, resource, or public good: welfare.",,,Sociological studies demonstrate that equitable access to reliable welfare directly correlates with higher living standards.,Common Uncountable Nouns List,Common Uncountable Nouns List,Uncountable Nouns,https://ieltsliz.com/uncountable-nouns-word-list/
IELTS-VOCAB-0851,wheat,uncountable noun,"An essential agricultural commodity, food staple, or material: wheat.",,,Agricultural economists analyze global supply chains to ensure the stable production and distribution of wheat.,Common Uncountable Nouns List,Common Uncountable Nouns List,Uncountable Nouns,https://ieltsliz.com/uncountable-nouns-word-list/
IELTS-VOCAB-0852,width,uncountable noun,The measurement or extent of something from side to side.,,,Civil engineers must carefully calculate the necessary span and road width when constructing suspension bridges.,Common Uncountable Nouns List,Common Uncountable Nouns List,Uncountable Nouns,https://ieltsliz.com/uncountable-nouns-word-list/
IELTS-VOCAB-0853,wildlife,uncountable noun,A natural environmental element or physical phenomenon: wildlife.,,,Environmental scientists study how shifts in atmospheric wildlife impact fragile regional ecosystems.,Common Uncountable Nouns List,Common Uncountable Nouns List,Uncountable Nouns,https://ieltsliz.com/uncountable-nouns-word-list/
IELTS-VOCAB-0854,wisdom,uncountable noun,"A foundational academic, linguistic, or intellectual concept: wisdom.",,,"In academic research, gathering reliable empirical wisdom is essential for formulating robust, evidence-based conclusions.",Common Uncountable Nouns List,Common Uncountable Nouns List,Uncountable Nouns,https://ieltsliz.com/uncountable-nouns-word-list/
IELTS-VOCAB-0855,wood,uncountable noun,"An essential agricultural commodity, food staple, or material: wood.",,,Agricultural economists analyze global supply chains to ensure the stable production and distribution of wood.,Common Uncountable Nouns List,Common Uncountable Nouns List,Uncountable Nouns,https://ieltsliz.com/uncountable-nouns-word-list/
IELTS-VOCAB-0856,work,uncountable noun,"A category of domestic, personal, or workplace necessities: work.",,,"In modern households and workplaces, organizing functional work improves overall efficiency and personal wellbeing.",Common Uncountable Nouns List,Common Uncountable Nouns List,Uncountable Nouns,https://ieltsliz.com/uncountable-nouns-word-list/
IELTS-VOCAB-0857,yoga,uncountable noun,"A discipline including breath control, meditation, and postures.",,,Medical practitioners frequently recommend practicing mindfulness and gentle yoga to alleviate chronic musculoskeletal stiffness.,Common Uncountable Nouns List,Common Uncountable Nouns List,Uncountable Nouns,https://ieltsliz.com/uncountable-nouns-word-list/
IELTS-VOCAB-0858,youth,uncountable noun,The period between childhood and adult age; young people collectively.,,,Community recreational centers provide constructive guidance and mentorship to empower local urban youth.,Common Uncountable Nouns List,Common Uncountable Nouns List,Uncountable Nouns,https://ieltsliz.com/uncountable-nouns-word-list/
IELTS-VOCAB-0859,reach a peak of,verb / phrase,A verbal phrase describing reaching an apex: reach a peak of.,,,Passenger volumes are forecast to reach a peak of ten million travelers by the close of the decade.,Line Graph Vocabulary,1. IELTS Line Graph Verbs & Nouns,Vocabulary Lessons for IELTS Writing,https://ieltsliz.com/ielts-line-graph-vocabulary/
IELTS-VOCAB-0860,dramatic increase,noun phrase,A noun phrase denoting a trend or statistical shift: dramatic increase.,,,The line graph illustrates a dramatic increase in municipal water consumption over the recorded timeframe.,Line Graph Vocabulary,Adjective Definition Exercise:,Vocabulary Lessons for IELTS Writing,https://ieltsliz.com/ielts-line-graph-vocabulary/
IELTS-VOCAB-0861,minimal change,noun phrase,A noun phrase denoting a trend or statistical shift: minimal change.,,,The line graph illustrates a minimal change in municipal water consumption over the recorded timeframe.,Line Graph Vocabulary,Adjective Definition Exercise:,Vocabulary Lessons for IELTS Writing,https://ieltsliz.com/ielts-line-graph-vocabulary/
IELTS-VOCAB-0862,gradual increase,noun phrase,A noun phrase denoting a trend or statistical shift: gradual increase.,,,The line graph illustrates a gradual increase in municipal water consumption over the recorded timeframe.,Line Graph Vocabulary,Adjective Definition Exercise:,Vocabulary Lessons for IELTS Writing,https://ieltsliz.com/ielts-line-graph-vocabulary/
IELTS-VOCAB-0863,significant change,noun phrase,A noun phrase denoting a trend or statistical shift: significant change.,,,The line graph illustrates a significant change in municipal water consumption over the recorded timeframe.,Line Graph Vocabulary,Adjective Definition Exercise:,Vocabulary Lessons for IELTS Writing,https://ieltsliz.com/ielts-line-graph-vocabulary/
IELTS-VOCAB-0864,after three days,prepositional phrase,Following an elapsed duration of seventy-two hours.,,,The laboratory experiment registered a sudden increase in temperature after three days of continuous monitoring.,Line Graph Vocabulary,4. Time Expressions for Periods of Change,Vocabulary Lessons for IELTS Writing,https://ieltsliz.com/ielts-line-graph-vocabulary/
IELTS-VOCAB-0865,at the beginning of the period,prepositional phrase,During the initial phase or starting point of the surveyed timeline.,,,"At the beginning of the period, coal accounted for nearly sixty percent of all domestic energy generation.",Line Graph Vocabulary,4. Time Expressions for Periods of Change,Vocabulary Lessons for IELTS Writing,https://ieltsliz.com/ielts-line-graph-vocabulary/
IELTS-VOCAB-0866,at the end of the period,prepositional phrase,During the closing or final phase of the timeline under observation.,,,Renewable wind power generation surpassed traditional energy sources at the end of the period.,Line Graph Vocabulary,4. Time Expressions for Periods of Change,Vocabulary Lessons for IELTS Writing,https://ieltsliz.com/ielts-line-graph-vocabulary/
IELTS-VOCAB-0869,bottom out,verb,A verb describing a statistical movement or trend: bottom out.,,,"Over the recorded timeline, manufacturing output figures began to bottom out before stabilizing in the final quarter.",Line Graph Vocabulary,1. IELTS Line Graph Verbs & Nouns,Vocabulary Lessons for IELTS Writing,https://ieltsliz.com/ielts-line-graph-vocabulary/
IELTS-VOCAB-0871,fluctuated between,verb phrase,Rose and fell irregularly between specified numerical limits.,,,Crude oil prices fluctuated between forty and eighty dollars per barrel throughout the observed decade.,Line Graph Vocabulary,4. Time Expressions for Periods of Change,Vocabulary Lessons for IELTS Writing,https://ieltsliz.com/ielts-line-graph-vocabulary/
IELTS-VOCAB-0872,hit a high of,verb phrase,Reached the maximum recorded numerical figure or apex.,,,"During the peak summer holiday season, consumer hotel bookings hit a high of eighty-five percent occupancy.",Line Graph Vocabulary,1. IELTS Line Graph Verbs & Nouns,Vocabulary Lessons for IELTS Writing,https://ieltsliz.com/ielts-line-graph-vocabulary/
IELTS-VOCAB-0873,hit a low of,verb phrase,Reached the lowest recorded statistical point on the chart.,,,"Following the economic downturn, domestic automobile manufacturing hit a low of twenty thousand units.",Line Graph Vocabulary,1. IELTS Line Graph Verbs & Nouns,Vocabulary Lessons for IELTS Writing,https://ieltsliz.com/ielts-line-graph-vocabulary/
IELTS-VOCAB-0875,over a ten-year period,prepositional phrase,Spanning a continuous timeframe lasting one decade.,,,The line graph illustrates shifts in consumer expenditure patterns over a ten-year period between 2000 and 2010.,Line Graph Vocabulary,4. Time Expressions for Periods of Change,Vocabulary Lessons for IELTS Writing,https://ieltsliz.com/ielts-line-graph-vocabulary/
IELTS-VOCAB-0876,over the following three days,prepositional phrase,During the subsequent seventy-two hour timeframe.,,,Patient physiological indicators stabilized remarkably over the following three days in clinical care.,Line Graph Vocabulary,4. Time Expressions for Periods of Change,Vocabulary Lessons for IELTS Writing,https://ieltsliz.com/ielts-line-graph-vocabulary/
IELTS-VOCAB-0877,over the next three days,prepositional phrase,Throughout the upcoming three-day calendar period.,,,Meteorologists projected that heavy rainfall volumes would escalate over the next three days.,Line Graph Vocabulary,4. Time Expressions for Periods of Change,Vocabulary Lessons for IELTS Writing,https://ieltsliz.com/ielts-line-graph-vocabulary/
IELTS-VOCAB-0878,peak,noun phrase,A noun phrase denoting a trend or statistical shift: peak.,,"crest, reach a zenith, culminate",The line graph illustrates a peak in municipal water consumption over the recorded timeframe.,Line Graph Vocabulary,2. Practice with Nouns and Verbs,Vocabulary Lessons for IELTS Writing,https://ieltsliz.com/ielts-line-graph-vocabulary/
IELTS-VOCAB-0879,plateau,noun phrase,A noun phrase denoting a trend or statistical shift: plateau.,,"level off, stabilize, flatten out",The line graph illustrates a plateau in municipal water consumption over the recorded timeframe.,Line Graph Vocabulary,1. IELTS Line Graph Verbs & Nouns,Vocabulary Lessons for IELTS Writing,https://ieltsliz.com/ielts-line-graph-vocabulary/
IELTS-VOCAB-0881,dramatically,adverb,An adverb describing the degree or speed of a statistical change: dramatically.,,,Industrial greenhouse gas emissions decreased dramatically following the introduction of statutory environmental standards.,Line Graph Vocabulary,3. Line Graph Adverbs & Adjectives,Vocabulary Lessons for IELTS Writing,https://ieltsliz.com/ielts-line-graph-vocabulary/
IELTS-VOCAB-0882,relatively,adverb,An adverb describing the degree or speed of a statistical change: relatively.,,,Industrial greenhouse gas emissions decreased relatively following the introduction of statutory environmental standards.,Line Graph Vocabulary,3. Line Graph Adverbs & Adjectives,Vocabulary Lessons for IELTS Writing,https://ieltsliz.com/ielts-line-graph-vocabulary/
IELTS-VOCAB-0883,significantly,adverb,An adverb describing the degree or speed of a statistical change: significantly.,,,Industrial greenhouse gas emissions decreased significantly following the introduction of statutory environmental standards.,Line Graph Vocabulary,3. Line Graph Adverbs & Adjectives,Vocabulary Lessons for IELTS Writing,https://ieltsliz.com/ielts-line-graph-vocabulary/
IELTS-VOCAB-0884,slight change,noun phrase,A noun phrase denoting a trend or statistical shift: slight change.,,,The line graph illustrates a slight change in municipal water consumption over the recorded timeframe.,Line Graph Vocabulary,3. Line Graph Adverbs & Adjectives,Vocabulary Lessons for IELTS Writing,https://ieltsliz.com/ielts-line-graph-vocabulary/
IELTS-VOCAB-0885,slightly,adverb,An adverb describing the degree or speed of a statistical change: slightly.,,,Industrial greenhouse gas emissions decreased slightly following the introduction of statutory environmental standards.,Line Graph Vocabulary,3. Line Graph Adverbs & Adjectives,Vocabulary Lessons for IELTS Writing,https://ieltsliz.com/ielts-line-graph-vocabulary/
IELTS-VOCAB-0886,steadily,adverb,An adverb describing the degree or speed of a statistical change: steadily.,,,Industrial greenhouse gas emissions decreased steadily following the introduction of statutory environmental standards.,Line Graph Vocabulary,3. Line Graph Adverbs & Adjectives,Vocabulary Lessons for IELTS Writing,https://ieltsliz.com/ielts-line-graph-vocabulary/
IELTS-VOCAB-0888,initially,adverb,At first; at the start of a period or process.,,,"Although consumer demand was modest initially, widespread promotional campaigns prompted rapid sales growth.",Line Graph Vocabulary,4. Time Expressions for Periods of Change,Vocabulary Lessons for IELTS Writing,https://ieltsliz.com/ielts-line-graph-vocabulary/
IELTS-VOCAB-0889,final year,noun phrase,The concluding twelve-month period of the recorded data.,,,Statistical records highlight a dramatic acceleration in industrial output during the final year of the study.,Line Graph Vocabulary,4. Time Expressions for Periods of Change,Vocabulary Lessons for IELTS Writing,https://ieltsliz.com/ielts-line-graph-vocabulary/
IELTS-VOCAB-0890,the next three days show,phrase,The upcoming three-day interval displays a visible trend.,,,The predictive simulation models indicate that the next three days show a consistent upward trajectory.,Line Graph Vocabulary,4. Time Expressions for Periods of Change,Vocabulary Lessons for IELTS Writing,https://ieltsliz.com/ielts-line-graph-vocabulary/
IELTS-VOCAB-0891,three days later,adverbial phrase,At a point in time seventy-two hours subsequent to the initial event.,,,Follow-up water quality testing conducted three days later confirmed that contaminant levels had dropped.,Line Graph Vocabulary,4. Time Expressions for Periods of Change,Vocabulary Lessons for IELTS Writing,https://ieltsliz.com/ielts-line-graph-vocabulary/
IELTS-VOCAB-0892,climb,verb,A verb describing a statistical movement or trend: climb.,,,"Over the recorded timeline, manufacturing output figures began to climb before stabilizing in the final quarter.",Line Graph Vocabulary,1. IELTS Line Graph Verbs & Nouns,Vocabulary Lessons for IELTS Writing,https://ieltsliz.com/ielts-line-graph-vocabulary/
IELTS-VOCAB-0893,climbed,verb (past),A past-tense verb indicating a statistical change or trend: climbed.,,,"According to the line graph, domestic renewable energy consumption climbed steadily between 2010 and 2020.",Line Graph Vocabulary,1. IELTS Line Graph Verbs & Nouns,Vocabulary Lessons for IELTS Writing,https://ieltsliz.com/ielts-line-graph-vocabulary/
IELTS-VOCAB-0894,decline,verb,A verb describing a statistical movement or trend: decline.,,,"Over the recorded timeline, manufacturing output figures began to decline before stabilizing in the final quarter.",Line Graph Vocabulary,1. IELTS Line Graph Verbs & Nouns,Vocabulary Lessons for IELTS Writing,https://ieltsliz.com/ielts-line-graph-vocabulary/
IELTS-VOCAB-0895,declined,verb (past),A past-tense verb indicating a statistical change or trend: declined.,,,"According to the line graph, domestic renewable energy consumption declined steadily between 2010 and 2020.",Line Graph Vocabulary,1. IELTS Line Graph Verbs & Nouns,Vocabulary Lessons for IELTS Writing,https://ieltsliz.com/ielts-line-graph-vocabulary/
IELTS-VOCAB-0896,decrease,verb,A verb describing a statistical movement or trend: decrease.,,,"Over the recorded timeline, manufacturing output figures began to decrease before stabilizing in the final quarter.",Line Graph Vocabulary,1. IELTS Line Graph Verbs & Nouns,Vocabulary Lessons for IELTS Writing,https://ieltsliz.com/ielts-line-graph-vocabulary/
IELTS-VOCAB-0897,decreased,verb (past),A past-tense verb indicating a statistical change or trend: decreased.,,,"According to the line graph, domestic renewable energy consumption decreased steadily between 2010 and 2020.",Line Graph Vocabulary,1. IELTS Line Graph Verbs & Nouns,Vocabulary Lessons for IELTS Writing,https://ieltsliz.com/ielts-line-graph-vocabulary/
IELTS-VOCAB-0898,dip,verb,A verb describing a statistical movement or trend: dip.,,,"Over the recorded timeline, manufacturing output figures began to dip before stabilizing in the final quarter.",Line Graph Vocabulary,1. IELTS Line Graph Verbs & Nouns,Vocabulary Lessons for IELTS Writing,https://ieltsliz.com/ielts-line-graph-vocabulary/
IELTS-VOCAB-0899,drop,verb,A verb describing a statistical movement or trend: drop.,,,"Over the recorded timeline, manufacturing output figures began to drop before stabilizing in the final quarter.",Line Graph Vocabulary,1. IELTS Line Graph Verbs & Nouns,Vocabulary Lessons for IELTS Writing,https://ieltsliz.com/ielts-line-graph-vocabulary/
IELTS-VOCAB-0900,dropped,verb (past),A past-tense verb indicating a statistical change or trend: dropped.,,,"According to the line graph, domestic renewable energy consumption dropped steadily between 2010 and 2020.",Line Graph Vocabulary,1. IELTS Line Graph Verbs & Nouns,Vocabulary Lessons for IELTS Writing,https://ieltsliz.com/ielts-line-graph-vocabulary/
IELTS-VOCAB-0901,fall,verb,A verb describing a statistical movement or trend: fall.,,,"Over the recorded timeline, manufacturing output figures began to fall before stabilizing in the final quarter.",Line Graph Vocabulary,1. IELTS Line Graph Verbs & Nouns,Vocabulary Lessons for IELTS Writing,https://ieltsliz.com/ielts-line-graph-vocabulary/
IELTS-VOCAB-0902,fell,verb (past),A past-tense verb indicating a statistical change or trend: fell.,,,"According to the line graph, domestic renewable energy consumption fell steadily between 2010 and 2020.",Line Graph Vocabulary,1. IELTS Line Graph Verbs & Nouns,Vocabulary Lessons for IELTS Writing,https://ieltsliz.com/ielts-line-graph-vocabulary/
IELTS-VOCAB-0903,fluctuate,verb,A verb describing a statistical movement or trend: fluctuate.,,,"Over the recorded timeline, manufacturing output figures began to fluctuate before stabilizing in the final quarter.",Line Graph Vocabulary,1. IELTS Line Graph Verbs & Nouns,Vocabulary Lessons for IELTS Writing,https://ieltsliz.com/ielts-line-graph-vocabulary/
IELTS-VOCAB-0904,to go down,verb / phrase,An infinitive verbal phrase describing a trajectory: to go down.,,,Statistical projections indicate that manufacturing figures are likely to go down in the upcoming quarter.,Line Graph Vocabulary,1. IELTS Line Graph Verbs & Nouns,Vocabulary Lessons for IELTS Writing,https://ieltsliz.com/ielts-line-graph-vocabulary/
IELTS-VOCAB-0905,went down,verb (past),A past-tense verb indicating a statistical change or trend: went down.,,,"According to the line graph, domestic renewable energy consumption went down steadily between 2010 and 2020.",Line Graph Vocabulary,1. IELTS Line Graph Verbs & Nouns,Vocabulary Lessons for IELTS Writing,https://ieltsliz.com/ielts-line-graph-vocabulary/
IELTS-VOCAB-0906,to go up,verb / phrase,An infinitive verbal phrase describing a trajectory: to go up.,,,Statistical projections indicate that manufacturing figures are likely to go up in the upcoming quarter.,Line Graph Vocabulary,1. IELTS Line Graph Verbs & Nouns,Vocabulary Lessons for IELTS Writing,https://ieltsliz.com/ielts-line-graph-vocabulary/
IELTS-VOCAB-0907,went up,verb (past),A past-tense verb indicating a statistical change or trend: went up.,,,"According to the line graph, domestic renewable energy consumption went up steadily between 2010 and 2020.",Line Graph Vocabulary,1. IELTS Line Graph Verbs & Nouns,Vocabulary Lessons for IELTS Writing,https://ieltsliz.com/ielts-line-graph-vocabulary/
IELTS-VOCAB-0908,growth,noun phrase,A noun phrase denoting a trend or statistical shift: growth.,,,The line graph illustrates steady growth in municipal water consumption over the recorded timeframe.,Line Graph Vocabulary,1. IELTS Line Graph Verbs & Nouns,Vocabulary Lessons for IELTS Writing,https://ieltsliz.com/ielts-line-graph-vocabulary/
IELTS-VOCAB-0909,grew,verb (past),A past-tense verb indicating a statistical change or trend: grew.,,,"According to the line graph, domestic renewable energy consumption grew steadily between 2010 and 2020.",Line Graph Vocabulary,1. IELTS Line Graph Verbs & Nouns,Vocabulary Lessons for IELTS Writing,https://ieltsliz.com/ielts-line-graph-vocabulary/
IELTS-VOCAB-0910,increase,verb,A verb describing a statistical movement or trend: increase.,,,"Over the recorded timeline, manufacturing output figures began to increase before stabilizing in the final quarter.",Line Graph Vocabulary,1. IELTS Line Graph Verbs & Nouns,Vocabulary Lessons for IELTS Writing,https://ieltsliz.com/ielts-line-graph-vocabulary/
IELTS-VOCAB-0911,increased,verb (past),A past-tense verb indicating a statistical change or trend: increased.,,,"According to the line graph, domestic renewable energy consumption increased steadily between 2010 and 2020.",Line Graph Vocabulary,1. IELTS Line Graph Verbs & Nouns,Vocabulary Lessons for IELTS Writing,https://ieltsliz.com/ielts-line-graph-vocabulary/
IELTS-VOCAB-0912,to level off,verb / phrase,An infinitive verbal phrase describing a trajectory: to level off.,,,Statistical projections indicate that manufacturing figures are likely to level off in the upcoming quarter.,Line Graph Vocabulary,1. IELTS Line Graph Verbs & Nouns,Vocabulary Lessons for IELTS Writing,https://ieltsliz.com/ielts-line-graph-vocabulary/
IELTS-VOCAB-0913,to peak at,verb / phrase,An infinitive verbal phrase describing a trajectory: to peak at.,,,Statistical projections indicate that manufacturing figures are likely to peak at in the upcoming quarter.,Line Graph Vocabulary,1. IELTS Line Graph Verbs & Nouns,Vocabulary Lessons for IELTS Writing,https://ieltsliz.com/ielts-line-graph-vocabulary/
IELTS-VOCAB-0914,to remain stable,verb / phrase,An infinitive verbal phrase describing a trajectory: to remain stable.,,,Statistical projections indicate that manufacturing figures are likely to remain stable in the upcoming quarter.,Line Graph Vocabulary,1. IELTS Line Graph Verbs & Nouns,Vocabulary Lessons for IELTS Writing,https://ieltsliz.com/ielts-line-graph-vocabulary/
IELTS-VOCAB-0915,to remain steady,verb / phrase,An infinitive verbal phrase describing a trajectory: to remain steady.,,,Statistical projections indicate that manufacturing figures are likely to remain steady in the upcoming quarter.,Line Graph Vocabulary,1. IELTS Line Graph Verbs & Nouns,Vocabulary Lessons for IELTS Writing,https://ieltsliz.com/ielts-line-graph-vocabulary/
IELTS-VOCAB-0916,to remain unchanged,verb / phrase,An infinitive verbal phrase describing a trajectory: to remain unchanged.,,,Statistical projections indicate that manufacturing figures are likely to remain unchanged in the upcoming quarter.,Line Graph Vocabulary,1. IELTS Line Graph Verbs & Nouns,Vocabulary Lessons for IELTS Writing,https://ieltsliz.com/ielts-line-graph-vocabulary/
IELTS-VOCAB-0917,rise,verb,A verb describing a statistical movement or trend: rise.,,,"Over the recorded timeline, manufacturing output figures began to rise before stabilizing in the final quarter.",Line Graph Vocabulary,1. IELTS Line Graph Verbs & Nouns,Vocabulary Lessons for IELTS Writing,https://ieltsliz.com/ielts-line-graph-vocabulary/
IELTS-VOCAB-0918,rose,verb (past),A past-tense verb indicating a statistical change or trend: rose.,,,"According to the line graph, domestic renewable energy consumption rose steadily between 2010 and 2020.",Line Graph Vocabulary,1. IELTS Line Graph Verbs & Nouns,Vocabulary Lessons for IELTS Writing,https://ieltsliz.com/ielts-line-graph-vocabulary/
IELTS-VOCAB-0919,soar,verb,A verb describing a statistical movement or trend: soar.,,,"Over the recorded timeline, manufacturing output figures began to soar before stabilizing in the final quarter.",Line Graph Vocabulary,1. IELTS Line Graph Verbs & Nouns,Vocabulary Lessons for IELTS Writing,https://ieltsliz.com/ielts-line-graph-vocabulary/
IELTS-VOCAB-0920,housing area,noun phrase,A designated residential zone developed for homes and family living.,,,"According to the proposed municipal layout, a newly constructed housing area will replace the former industrial warehouses.",Map Vocabulary and Useful Language: 1,Paraphrases for Maps,Vocabulary Lessons for IELTS Writing,https://ieltsliz.com/ielts-maps-vocabulary/
IELTS-VOCAB-0921,is located,verb phrase,Situated or positioned in a specified geographical or structural place.,,,The central university research laboratory is located directly adjacent to the western botanical gardens on the campus map.,Map Vocabulary and Useful Language: 1,Paraphrases for Maps,Vocabulary Lessons for IELTS Writing,https://ieltsliz.com/ielts-maps-vocabulary/
IELTS-VOCAB-0924,cardinal directions,noun (plural),"The four principal compass directions: north, south, east, and west.",,,Cartographers utilize the four cardinal directions to accurately orient topographic maps and satellite imagery.,Map Vocabulary and Useful Language: 1,Useful Map Language,Vocabulary Lessons for IELTS Writing,https://ieltsliz.com/ielts-maps-vocabulary/
IELTS-VOCAB-0925,compass points,noun (plural),The 32 marked directional points or markings on a compass face.,,,Maritime navigators continually check compass points to maintain an accurate nautical heading across open waters.,Map Vocabulary and Useful Language: 1,Useful Map Language,Vocabulary Lessons for IELTS Writing,https://ieltsliz.com/ielts-maps-vocabulary/
IELTS-VOCAB-0926,road,noun,"A wide, paved thoroughfare designed for vehicular transit between destinations.",,,The newly opened ring road has significantly alleviated commercial freight congestion through the historic city center.,Map Vocabulary and Useful Language: 1,Paraphrases for Maps,Vocabulary Lessons for IELTS Writing,https://ieltsliz.com/ielts-maps-vocabulary/
IELTS-VOCAB-0927,town center,noun phrase,"The commercial, civic, and cultural heart of an urban settlement.",,,Urban regeneration initiatives aim to pedestrianize the town center to stimulate community commerce and civic gatherings.,Map Vocabulary and Useful Language: 1,Paraphrases for Maps,Vocabulary Lessons for IELTS Writing,https://ieltsliz.com/ielts-maps-vocabulary/
IELTS-VOCAB-0928,As a result,linking adverbial phrase,Consequently; for that reason; because of the preceding factor.,,,"Industrial emissions severely disrupt regional precipitation cycles; as a result, devastating droughts have multiplied.",Practice with Linking Words for Essay Writing,Practice with Linking Words for Essay Writing,Vocabulary Lessons for IELTS Writing,https://ieltsliz.com/ielts-writing-task-2-practice-with-linking-words/
IELTS-VOCAB-0929,because,conjunction,For the reason that; on account of the fact that; since.,,,Governments invest heavily in rapid bus corridors because efficient public mobility dramatically curtails urban smog.,Practice with Linking Words for Essay Writing,Practice with Linking Words for Essay Writing,Vocabulary Lessons for IELTS Writing,https://ieltsliz.com/ielts-writing-task-2-practice-with-linking-words/
IELTS-VOCAB-0930,namely,adverb,Specifically; that is to say; in particular.,,,"The macroeconomic study identified two primary impediments to productivity growth, namely underinvestment and labor shortages.",Practice with Linking Words for Essay Writing,Practice with Linking Words for Essay Writing,Vocabulary Lessons for IELTS Writing,https://ieltsliz.com/ielts-writing-task-2-practice-with-linking-words/
IELTS-VOCAB-0931,particularly,adverb,"Especially; to a distinct, notable, or unusual extent.",,,"Academic peer review demands meticulous scrutiny of experimental protocols, particularly when evaluating clinical trial outcomes.",Practice with Linking Words for Essay Writing,Practice with Linking Words for Essay Writing,Vocabulary Lessons for IELTS Writing,https://ieltsliz.com/ielts-writing-task-2-practice-with-linking-words/
IELTS-VOCAB-0932,While,conjunction,Whereas; although; during the period that.,,,"While renewable energy investments have expanded rapidly, global economic reliance on fossil fuel grids remains substantial.",Practice with Linking Words for Essay Writing,Practice with Linking Words for Essay Writing,Vocabulary Lessons for IELTS Writing,https://ieltsliz.com/ielts-writing-task-2-practice-with-linking-words/
